transaction_id,date,amount,category,description,payment_method,merchant,month,day_of_week,is_weekend
TXN126225,2023-08-01,-27.55,Groceries,SUPERMARKET,Cash,SUPERMARKET,8,Tuesday,False
TXN809570,2023-08-01,-43.84,Groceries,SUPERMARKET,Credit Card,SUPERMARKET,8,Tuesday,False
SAL970068,2023-08-01,4500.0,Salary,MONTHLY SALARY,Direct Deposit,EMPLOYER NAME,8,Tuesday,False
TXN356787,2023-08-01,-73.73,Entertainment,MOVIE THEATER,Credit Card,MOVIE THEATER,8,Tuesday,False
TXN246316,2023-08-01,-84.08,Miscellaneous,BANK FEE,Credit Card,BANK FEE,8,Tuesday,False
TXN542417,2023-08-02,-61.41,Gas,ARCO,Credit Card,ARCO,8,Wednesday,False
TXN131244,2023-08-02,-128.67,Shopping,AMAZON,Credit Card,AMAZON,8,Wednesday,False
TXN191161,2023-08-02,-57.98,Groceries,COSTCO,Credit Card,COSTCO,8,Wednesday,False
TXN329258,2023-08-03,-96.74,Miscellaneous,ATM FEE,Debit Card,ATM FEE,8,Thursday,False
TXN629903,2023-08-03,-21.35,Restaurants,CAFE,Debit Card,CAFE,8,Thursday,False
TXN127824,2023-08-04,-138.21,Groceries,COSTCO,Credit Card,COSTCO,8,Friday,False
TXN308496,2023-08-04,-38.05,Entertainment,CONCERT,Credit Card,CONCERT,8,Friday,False
TXN539898,2023-08-05,-78.64,Miscellaneous,OTHER,Cash,OTHER,8,Saturday,True
TXN571029,2023-08-06,-25.88,Groceries,GROCERY STORE,Credit Card,GROCERY STORE,8,Sunday,True
TXN391704,2023-08-06,-32.64,Restaurants,STARBUCKS,Debit Card,STARBUCKS,8,Sunday,True
TXN895667,2023-08-06,-33.26,Restaurants,RESTAURANT,Credit Card,RESTAURANT,8,Sunday,True
TXN832052,2023-08-07,-78.36,Miscellaneous,BANK FEE,Credit Card,BANK FEE,8,Monday,False
TXN456778,2023-08-07,-126.01,Groceries,TRADER JOES,Debit Card,TRADER JOES,8,Monday,False
TXN263032,2023-08-08,-22.53,Restaurants,PIZZA HUT,Cash,PIZZA HUT,8,Tuesday,False
TXN900581,2023-08-08,-39.78,Entertainment,SPOTIFY,Credit Card,SPOTIFY,8,Tuesday,False
TXN476417,2023-08-09,-173.45,Bills_Utilities,ELECTRIC BILL,Credit Card,ELECTRIC BILL,8,Wednesday,False
TXN498382,2023-08-09,-240.2,Bills_Utilities,ELECTRIC BILL,Credit Card,ELECTRIC BILL,8,Wednesday,False
TXN207175,2023-08-09,-43.06,Personal_Care,GYM,Credit Card,GYM,8,Wednesday,False
TXN733052,2023-08-10,-24.09,Groceries,WHOLE FOODS,Debit Card,WHOLE FOODS,8,Thursday,False
TXN946335,2023-08-11,-60.22,Gas,BP GAS,Credit Card,BP GAS,8,Friday,False
TXN865179,2023-08-11,-57.67,Groceries,SUPERMARKET,Credit Card,SUPERMARKET,8,Friday,False
TXN662275,2023-08-11,-66.57,Personal_Care,SPA,Debit Card,SPA,8,Friday,False
TXN496922,2023-08-12,-166.3,Shopping,AMAZON,Cash,AMAZON,8,Saturday,True
TXN678856,2023-08-12,-22.15,Restaurants,RESTAURANT,Credit Card,RESTAURANT,8,Saturday,True
TXN969693,2023-08-12,-62.72,Gas,BP GAS,Cash,BP GAS,8,Saturday,True
TXN479201,2023-08-14,-63.89,Groceries,COSTCO,Cash,COSTCO,8,Monday,False
TXN301629,2023-08-14,-48.72,Restaurants,STARBUCKS,Debit Card,STARBUCKS,8,Monday,False
TXN148050,2023-08-15,-33.51,Restaurants,RESTAURANT,Credit Card,RESTAURANT,8,Tuesday,False
TXN910620,2023-08-15,-55.24,Entertainment,SPOTIFY,Credit Card,SPOTIFY,8,Tuesday,False
TXN183667,2023-08-15,-74.04,Restaurants,PIZZA HUT,Credit Card,PIZZA HUT,8,Tuesday,False
TXN205907,2023-08-15,-83.63,Groceries,GROCERY STORE,Online Transfer,GROCERY STORE,8,Tuesday,False
TXN270555,2023-08-16,-19.44,Transportation,BUS FARE,Credit Card,BUS FARE,8,Wednesday,False
TXN391476,2023-08-16,-141.95,Bills_Utilities,PHONE BILL,Debit Card,PHONE BILL,8,Wednesday,False
TXN766563,2023-08-16,-58.22,Entertainment,GAMING,Credit Card,GAMING,8,Wednesday,False
TXN472528,2023-08-18,-64.64,Shopping,WALMART,Debit Card,WALMART,8,Friday,False
TXN802729,2023-08-18,-109.82,Groceries,GROCERY STORE,Credit Card,GROCERY STORE,8,Friday,False
TXN835911,2023-08-19,-140.21,Groceries,WHOLE FOODS,Cash,WHOLE FOODS,8,Saturday,True
TXN738720,2023-08-19,-57.9,Restaurants,RESTAURANT,Debit Card,RESTAURANT,8,Saturday,True
TXN660086,2023-08-20,-136.64,Groceries,GROCERY STORE,Cash,GROCERY STORE,8,Sunday,True
TXN271339,2023-08-20,-40.51,Entertainment,SPOTIFY,Credit Card,SPOTIFY,8,Sunday,True
TXN497887,2023-08-21,-136.81,Groceries,TRADER JOES,Debit Card,TRADER JOES,8,Monday,False
TXN771088,2023-08-21,-33.19,Groceries,WHOLE FOODS,Debit Card,WHOLE FOODS,8,Monday,False
TXN330283,2023-08-21,-40.91,Groceries,COSTCO,Credit Card,COSTCO,8,Monday,False
TXN983794,2023-08-21,-68.68,Entertainment,MOVIE THEATER,Credit Card,MOVIE THEATER,8,Monday,False
TXN340174,2023-08-21,-109.31,Bills_Utilities,ELECTRIC BILL,Credit Card,ELECTRIC BILL,8,Monday,False
TXN322955,2023-08-22,-120.19,Bills_Utilities,INTERNET,Credit Card,INTERNET,8,Tuesday,False
TXN694731,2023-08-22,-111.19,Shopping,TARGET,Credit Card,TARGET,8,Tuesday,False
TXN520651,2023-08-22,-42.34,Miscellaneous,GIFT,Cash,GIFT,8,Tuesday,False
TXN944151,2023-08-22,-32.24,Restaurants,RESTAURANT,Credit Card,RESTAURANT,8,Tuesday,False
TXN169403,2023-08-22,-81.53,Entertainment,MOVIE THEATER,Credit Card,MOVIE THEATER,8,Tuesday,False
TXN514850,2023-08-23,-140.68,Groceries,TRADER JOES,Credit Card,TRADER JOES,8,Wednesday,False
TXN249811,2023-08-23,-96.54,Miscellaneous,DONATION,Cash,DONATION,8,Wednesday,False
TXN246413,2023-08-23,-40.03,Restaurants,PIZZA HUT,Cash,PIZZA HUT,8,Wednesday,False
TXN881177,2023-08-23,-26.02,Restaurants,CAFE,Credit Card,CAFE,8,Wednesday,False
TXN665158,2023-08-23,-71.12,Miscellaneous,OTHER,Credit Card,OTHER,8,Wednesday,False
TXN883300,2023-08-24,-178.54,Shopping,WALMART,Debit Card,WALMART,8,Thursday,False
TXN549245,2023-08-24,-73.22,Entertainment,CONCERT,Credit Card,CONCERT,8,Thursday,False
TXN518801,2023-08-24,-67.61,Restaurants,STARBUCKS,Debit Card,STARBUCKS,8,Thursday,False
TXN725380,2023-08-25,-89.08,Groceries,TRADER JOES,Credit Card,TRADER JOES,8,Friday,False
TXN724834,2023-08-25,-81.52,Shopping,BEST BUY,Debit Card,BEST BUY,8,Friday,False
TXN503457,2023-08-25,-75.35,Entertainment,NETFLIX,Online Transfer,NETFLIX,8,Friday,False
TXN930555,2023-08-25,-100.98,Groceries,GROCERY STORE,Credit Card,GROCERY STORE,8,Friday,False
TXN195325,2023-08-25,-53.4,Restaurants,MCDONALDS,Credit Card,MCDONALDS,8,Friday,False
TXN214975,2023-08-25,-126.94,Groceries,SUPERMARKET,Credit Card,SUPERMARKET,8,Friday,False
TXN634277,2023-08-25,-80.53,Groceries,GROCERY STORE,Credit Card,GROCERY STORE,8,Friday,False
TXN757924,2023-08-25,-87.89,Groceries,GROCERY STORE,Debit Card,GROCERY STORE,8,Friday,False
TXN329974,2023-08-25,-21.11,Restaurants,PIZZA HUT,Credit Card,PIZZA HUT,8,Friday,False
TXN654816,2023-08-26,-23.3,Groceries,TRADER JOES,Online Transfer,TRADER JOES,8,Saturday,True
TXN680099,2023-08-27,-52.53,Groceries,WHOLE FOODS,Credit Card,WHOLE FOODS,8,Sunday,True
TXN813328,2023-08-27,-215.05,Bills_Utilities,ELECTRIC BILL,Credit Card,ELECTRIC BILL,8,Sunday,True
TXN814825,2023-08-27,-75.1,Miscellaneous,ATM FEE,Credit Card,ATM FEE,8,Sunday,True
TXN887352,2023-08-28,-53.6,Bills_Utilities,RENT,Credit Card,RENT,8,Monday,False
TXN905934,2023-08-28,-25.29,Groceries,WHOLE FOODS,Cash,WHOLE FOODS,8,Monday,False
TXN216970,2023-08-28,-168.54,Bills_Utilities,INTERNET,Credit Card,INTERNET,8,Monday,False
TXN555884,2023-08-29,-45.94,Gas,BP GAS,Debit Card,BP GAS,8,Tuesday,False
TXN575763,2023-08-29,-14.08,Entertainment,SPOTIFY,Credit Card,SPOTIFY,8,Tuesday,False
TXN755674,2023-08-30,-189.76,Shopping,AMAZON,Credit Card,AMAZON,8,Wednesday,False
TXN857168,2023-08-30,-103.51,Groceries,SUPERMARKET,Credit Card,SUPERMARKET,8,Wednesday,False
TXN624902,2023-08-30,-189.54,Shopping,WALMART,Credit Card,WALMART,8,Wednesday,False
TXN632342,2023-08-30,-56.81,Restaurants,CAFE,Credit Card,CAFE,8,Wednesday,False
TXN982554,2023-08-31,-22.37,Groceries,WHOLE FOODS,Credit Card,WHOLE FOODS,8,Thursday,False
TXN738551,2023-08-31,-16.41,Entertainment,CONCERT,Credit Card,CONCERT,8,Thursday,False
TXN260263,2023-08-31,-25.35,Healthcare,DOCTOR VISIT,Debit Card,DOCTOR VISIT,8,Thursday,False
TXN899550,2023-09-01,-66.6,Entertainment,MOVIE THEATER,Cash,MOVIE THEATER,9,Friday,False
SAL595404,2023-09-01,4500.0,Salary,MONTHLY SALARY,Direct Deposit,EMPLOYER NAME,9,Friday,False
TXN665579,2023-09-02,-251.71,Bills_Utilities,WATER BILL,Online Transfer,WATER BILL,9,Saturday,True
TXN100599,2023-09-02,-44.88,Gas,ARCO,Debit Card,ARCO,9,Saturday,True
TXN439902,2023-09-02,-75.5,Restaurants,STARBUCKS,Cash,STARBUCKS,9,Saturday,True
TXN120422,2023-09-03,-45.37,Personal_Care,SPA,Debit Card,SPA,9,Sunday,True
TXN480612,2023-09-03,-73.21,Restaurants,RESTAURANT,Credit Card,RESTAURANT,9,Sunday,True
TXN351083,2023-09-03,-137.7,Groceries,WHOLE FOODS,Credit Card,WHOLE FOODS,9,Sunday,True
TXN897549,2023-09-04,-22.61,Restaurants,RESTAURANT,Credit Card,RESTAURANT,9,Monday,False
TXN867460,2023-09-04,-84.27,Groceries,SUPERMARKET,Credit Card,SUPERMARKET,9,Monday,False
TXN182582,2023-09-04,-247.89,Bills_Utilities,RENT,Debit Card,RENT,9,Monday,False
TXN352572,2023-09-04,-36.36,Restaurants,RESTAURANT,Debit Card,RESTAURANT,9,Monday,False
TXN955662,2023-09-04,-102.27,Shopping,BEST BUY,Cash,BEST BUY,9,Monday,False
TXN903035,2023-09-05,-111.13,Groceries,COSTCO,Credit Card,COSTCO,9,Tuesday,False
TXN234628,2023-09-05,-36.78,Transportation,LYFT,Credit Card,LYFT,9,Tuesday,False
TXN676510,2023-09-06,-67.83,Restaurants,MCDONALDS,Cash,MCDONALDS,9,Wednesday,False
TXN377932,2023-09-06,-76.57,Miscellaneous,BANK FEE,Credit Card,BANK FEE,9,Wednesday,False
TXN736059,2023-09-07,-66.25,Gas,ARCO,Credit Card,ARCO,9,Thursday,False
TXN322086,2023-09-07,-26.99,Shopping,BEST BUY,Credit Card,BEST BUY,9,Thursday,False
TXN891952,2023-09-08,-104.4,Groceries,COSTCO,Debit Card,COSTCO,9,Friday,False
TXN847581,2023-09-09,-71.43,Healthcare,DOCTOR VISIT,Online Transfer,DOCTOR VISIT,9,Saturday,True
TXN518373,2023-09-09,-146.08,Groceries,WHOLE FOODS,Credit Card,WHOLE FOODS,9,Saturday,True
TXN559381,2023-09-09,-46.94,Personal_Care,GYM,Online Transfer,GYM,9,Saturday,True
TXN717024,2023-09-11,-71.33,Miscellaneous,BANK FEE,Credit Card,BANK FEE,9,Monday,False
TXN680828,2023-09-11,-38.6,Shopping,MACY'S,Online Transfer,MACY'S,9,Monday,False
TXN167136,2023-09-11,-54.81,Gas,CHEVRON,Credit Card,CHEVRON,9,Monday,False
TXN359947,2023-09-11,-76.78,Restaurants,RESTAURANT,Cash,RESTAURANT,9,Monday,False
TXN573417,2023-09-11,-182.7,Shopping,MACY'S,Credit Card,MACY'S,9,Monday,False
TXN122056,2023-09-11,-80.28,Groceries,WHOLE FOODS,Credit Card,WHOLE FOODS,9,Monday,False
TXN107540,2023-09-12,-67.58,Personal_Care,SALON,Cash,SALON,9,Tuesday,False
TXN842225,2023-09-12,-203.35,Bills_Utilities,ELECTRIC BILL,Credit Card,ELECTRIC BILL,9,Tuesday,False
TXN340062,2023-09-12,-87.28,Miscellaneous,ATM FEE,Credit Card,ATM FEE,9,Tuesday,False
TXN132938,2023-09-14,-91.66,Shopping,AMAZON,Online Transfer,AMAZON,9,Thursday,False
TXN174299,2023-09-14,-212.82,Healthcare,DENTIST,Credit Card,DENTIST,9,Thursday,False
TXN349565,2023-09-14,-40.94,Gas,ARCO,Credit Card,ARCO,9,Thursday,False
TXN299659,2023-09-15,-118.17,Groceries,TRADER JOES,Debit Card,TRADER JOES,9,Friday,False
TXN946721,2023-09-15,-112.8,Healthcare,HOSPITAL,Credit Card,HOSPITAL,9,Friday,False
TXN471507,2023-09-15,-65.58,Groceries,TRADER JOES,Credit Card,TRADER JOES,9,Friday,False
TXN704201,2023-09-15,-160.16,Shopping,MACY'S,Credit Card,MACY'S,9,Friday,False
TXN801474,2023-09-15,-144.03,Groceries,WHOLE FOODS,Debit Card,WHOLE FOODS,9,Friday,False
TXN354801,2023-09-15,-146.94,Healthcare,HOSPITAL,Credit Card,HOSPITAL,9,Friday,False
TXN201639,2023-09-15,-103.24,Bills_Utilities,ELECTRIC BILL,Credit Card,ELECTRIC BILL,9,Friday,False
TXN324643,2023-09-15,-107.32,Groceries,TRADER JOES,Debit Card,TRADER JOES,9,Friday,False
TXN238739,2023-09-15,-22.38,Restaurants,STARBUCKS,Debit Card,STARBUCKS,9,Friday,False
TXN531071,2023-09-16,-162.14,Shopping,BEST BUY,Credit Card,BEST BUY,9,Saturday,True
TXN806073,2023-09-16,-140.46,Groceries,SUPERMARKET,Credit Card,SUPERMARKET,9,Saturday,True
TXN864491,2023-09-16,-87.61,Entertainment,GAMING,Cash,GAMING,9,Saturday,True
TXN163556,2023-09-17,-51.8,Miscellaneous,ATM FEE,Credit Card,ATM FEE,9,Sunday,True
TXN863587,2023-09-18,-36.65,Groceries,TRADER JOES,Credit Card,TRADER JOES,9,Monday,False
TXN939482,2023-09-18,-103.31,Groceries,WHOLE FOODS,Credit Card,WHOLE FOODS,9,Monday,False
TXN360735,2023-09-19,-25.31,Groceries,SUPERMARKET,Credit Card,SUPERMARKET,9,Tuesday,False
TXN299448,2023-09-19,-26.51,Restaurants,CAFE,Credit Card,CAFE,9,Tuesday,False
TXN570405,2023-09-19,-79.9,Groceries,COSTCO,Credit Card,COSTCO,9,Tuesday,False
TXN542374,2023-09-19,-47.72,Restaurants,CAFE,Debit Card,CAFE,9,Tuesday,False
TXN392075,2023-09-21,-231.8,Healthcare,DOCTOR VISIT,Credit Card,DOCTOR VISIT,9,Thursday,False
TXN361941,2023-09-21,-67.4,Restaurants,MCDONALDS,Debit Card,MCDONALDS,9,Thursday,False
TXN564656,2023-09-22,-46.49,Restaurants,RESTAURANT,Debit Card,RESTAURANT,9,Friday,False
TXN202664,2023-09-23,-61.37,Restaurants,STARBUCKS,Cash,STARBUCKS,9,Saturday,True
TXN783823,2023-09-23,-118.12,Shopping,AMAZON,Credit Card,AMAZON,9,Saturday,True
TXN976638,2023-09-23,-51.3,Gas,ARCO,Credit Card,ARCO,9,Saturday,True
TXN197793,2023-09-24,-61.87,Groceries,SUPERMARKET,Credit Card,SUPERMARKET,9,Sunday,True
TXN274389,2023-09-25,-51.55,Personal_Care,SALON,Debit Card,SALON,9,Monday,False
TXN609231,2023-09-26,-127.7,Shopping,BEST BUY,Debit Card,BEST BUY,9,Tuesday,False
TXN324130,2023-09-26,-35.1,Gas,EXXON,Credit Card,EXXON,9,Tuesday,False
TXN161483,2023-09-27,-62.55,Miscellaneous,DONATION,Credit Card,DONATION,9,Wednesday,False
TXN497382,2023-09-27,-39.87,Groceries,GROCERY STORE,Credit Card,GROCERY STORE,9,Wednesday,False
TXN509386,2023-09-27,-44.25,Groceries,SUPERMARKET,Credit Card,SUPERMARKET,9,Wednesday,False
TXN922157,2023-09-28,-96.82,Shopping,WALMART,Online Transfer,WALMART,9,Thursday,False
TXN399105,2023-09-28,-71.72,Groceries,TRADER JOES,Online Transfer,TRADER JOES,9,Thursday,False
TXN830429,2023-09-29,-93.64,Entertainment,GAMING,Credit Card,GAMING,9,Friday,False
TXN794022,2023-09-29,-74.0,Shopping,MACY'S,Debit Card,MACY'S,9,Friday,False
TXN262316,2023-09-29,-62.08,Groceries,TRADER JOES,Credit Card,TRADER JOES,9,Friday,False
TXN411120,2023-09-30,-35.98,Entertainment,SPOTIFY,Credit Card,SPOTIFY,9,Saturday,True
TXN161324,2023-09-30,-82.55,Groceries,GROCERY STORE,Credit Card,GROCERY STORE,9,Saturday,True
SAL829884,2023-10-01,4500.0,Salary,MONTHLY SALARY,Direct Deposit,EMPLOYER NAME,10,Sunday,True
TXN871476,2023-10-02,-148.69,Groceries,COSTCO,Credit Card,COSTCO,10,Monday,False
TXN627276,2023-10-03,-116.35,Groceries,TRADER JOES,Credit Card,TRADER JOES,10,Tuesday,False
TXN163918,2023-10-03,-43.95,Gas,ARCO,Cash,ARCO,10,Tuesday,False
TXN712554,2023-10-03,-284.59,Bills_Utilities,ELECTRIC BILL,Credit Card,ELECTRIC BILL,10,Tuesday,False
TXN159942,2023-10-03,-48.43,Transportation,BUS FARE,Credit Card,BUS FARE,10,Tuesday,False
TXN265080,2023-10-03,-52.15,Healthcare,PRESCRIPTION,Debit Card,PRESCRIPTION,10,Tuesday,False
TXN632496,2023-10-04,-125.89,Groceries,SUPERMARKET,Debit Card,SUPERMARKET,10,Wednesday,False
TXN171849,2023-10-05,-175.68,Bills_Utilities,WATER BILL,Credit Card,WATER BILL,10,Thursday,False
TXN171262,2023-10-05,-36.87,Personal_Care,BEAUTY SUPPLY,Credit Card,BEAUTY SUPPLY,10,Thursday,False
TXN523389,2023-10-05,-53.7,Personal_Care,SALON,Credit Card,SALON,10,Thursday,False
TXN697347,2023-10-05,-64.63,Miscellaneous,ATM FEE,Credit Card,ATM FEE,10,Thursday,False
TXN992697,2023-10-05,-45.07,Restaurants,RESTAURANT,Credit Card,RESTAURANT,10,Thursday,False
TXN707040,2023-10-06,-65.2,Personal_Care,SALON,Credit Card,SALON,10,Friday,False
TXN141672,2023-10-06,-31.15,Restaurants,STARBUCKS,Debit Card,STARBUCKS,10,Friday,False
TXN185965,2023-10-06,-94.09,Groceries,COSTCO,Debit Card,COSTCO,10,Friday,False
TXN431737,2023-10-07,-230.01,Bills_Utilities,RENT,Debit Card,RENT,10,Saturday,True
TXN692683,2023-10-07,-11.75,Transportation,PARKING,Credit Card,PARKING,10,Saturday,True
TXN789305,2023-10-07,-49.32,Healthcare,HOSPITAL,Credit Card,HOSPITAL,10,Saturday,True
TXN314181,2023-10-08,-26.8,Restaurants,PIZZA HUT,Cash,PIZZA HUT,10,Sunday,True
TXN350280,2023-10-08,-95.15,Shopping,WALMART,Credit Card,WALMART,10,Sunday,True
TXN515011,2023-10-09,-11.63,Entertainment,MOVIE THEATER,Cash,MOVIE THEATER,10,Monday,False
TXN804318,2023-10-09,-58.69,Miscellaneous,BANK FEE,Debit Card,BANK FEE,10,Monday,False
TXN579434,2023-10-09,-59.51,Personal_Care,GYM,Credit Card,GYM,10,Monday,False
TXN888387,2023-10-10,-148.03,Groceries,WHOLE FOODS,Debit Card,WHOLE FOODS,10,Tuesday,False
TXN109767,2023-10-10,-139.71,Groceries,SUPERMARKET,Cash,SUPERMARKET,10,Tuesday,False
TXN751332,2023-10-10,-128.47,Shopping,BEST BUY,Credit Card,BEST BUY,10,Tuesday,False
TXN204837,2023-10-10,-63.58,Groceries,COSTCO,Debit Card,COSTCO,10,Tuesday,False
TXN663750,2023-10-10,-63.35,Groceries,SUPERMARKET,Credit Card,SUPERMARKET,10,Tuesday,False
TXN630458,2023-10-10,-185.97,Shopping,TARGET,Credit Card,TARGET,10,Tuesday,False
TXN172132,2023-10-11,-98.31,Shopping,WALMART,Cash,WALMART,10,Wednesday,False
TXN238890,2023-10-11,-35.63,Gas,BP GAS,Credit Card,BP GAS,10,Wednesday,False
TXN487477,2023-10-11,-52.74,Restaurants,CAFE,Debit Card,CAFE,10,Wednesday,False
TXN974244,2023-10-13,-129.19,Shopping,BEST BUY,Credit Card,BEST BUY,10,Friday,False
TXN265409,2023-10-13,-33.41,Gas,BP GAS,Online Transfer,BP GAS,10,Friday,False
TXN837715,2023-10-13,-102.48,Bills_Utilities,RENT,Cash,RENT,10,Friday,False
TXN741390,2023-10-14,-81.37,Groceries,WHOLE FOODS,Credit Card,WHOLE FOODS,10,Saturday,True
TXN413921,2023-10-16,-237.61,Healthcare,PRESCRIPTION,Credit Card,PRESCRIPTION,10,Monday,False
TXN108203,2023-10-16,-52.17,Shopping,MACY'S,Credit Card,MACY'S,10,Monday,False
TXN240814,2023-10-16,-56.86,Restaurants,RESTAURANT,Credit Card,RESTAURANT,10,Monday,False
TXN221035,2023-10-16,-40.3,Groceries,WHOLE FOODS,Debit Card,WHOLE FOODS,10,Monday,False
TXN878480,2023-10-17,-50.04,Groceries,SUPERMARKET,Debit Card,SUPERMARKET,10,Tuesday,False
TXN262998,2023-10-19,-31.44,Entertainment,CONCERT,Credit Card,CONCERT,10,Thursday,False
TXN395442,2023-10-19,-113.89,Groceries,WHOLE FOODS,Cash,WHOLE FOODS,10,Thursday,False
TXN320861,2023-10-20,-73.26,Restaurants,STARBUCKS,Credit Card,STARBUCKS,10,Friday,False
TXN313487,2023-10-20,-47.03,Groceries,WHOLE FOODS,Credit Card,WHOLE FOODS,10,Friday,False
TXN629959,2023-10-20,-95.8,Groceries,WHOLE FOODS,Credit Card,WHOLE FOODS,10,Friday,False
TXN363319,2023-10-21,-53.37,Restaurants,MCDONALDS,Credit Card,MCDONALDS,10,Saturday,True
TXN196781,2023-10-21,-46.85,Entertainment,NETFLIX,Credit Card,NETFLIX,10,Saturday,True
TXN969634,2023-10-21,-41.78,Gas,EXXON,Cash,EXXON,10,Saturday,True
TXN146228,2023-10-22,-132.11,Healthcare,DENTIST,Cash,DENTIST,10,Sunday,True
TXN768061,2023-10-23,-24.06,Restaurants,CAFE,Debit Card,CAFE,10,Monday,False
TXN449759,2023-10-23,-50.21,Restaurants,RESTAURANT,Debit Card,RESTAURANT,10,Monday,False
TXN688153,2023-10-24,-84.68,Entertainment,GAMING,Credit Card,GAMING,10,Tuesday,False
TXN269430,2023-10-24,-138.86,Groceries,WHOLE FOODS,Credit Card,WHOLE FOODS,10,Tuesday,False
TXN678478,2023-10-24,-72.96,Shopping,BEST BUY,Credit Card,BEST BUY,10,Tuesday,False
TXN217308,2023-10-26,-25.78,Entertainment,NETFLIX,Cash,NETFLIX,10,Thursday,False
TXN824586,2023-10-26,-45.33,Gas,SHELL,Credit Card,SHELL,10,Thursday,False
TXN672092,2023-10-26,-41.62,Groceries,GROCERY STORE,Debit Card,GROCERY STORE,10,Thursday,False
TXN975136,2023-10-26,-98.41,Groceries,SUPERMARKET,Credit Card,SUPERMARKET,10,Thursday,False
TXN710805,2023-10-27,-124.28,Bills_Utilities,INTERNET,Credit Card,INTERNET,10,Friday,False
TXN255287,2023-10-27,-56.55,Gas,ARCO,Cash,ARCO,10,Friday,False
TXN233636,2023-10-28,-53.68,Restaurants,MCDONALDS,Credit Card,MCDONALDS,10,Saturday,True
TXN423232,2023-10-28,-129.45,Shopping,AMAZON,Credit Card,AMAZON,10,Saturday,True
TXN934794,2023-10-29,-114.66,Groceries,WHOLE FOODS,Credit Card,WHOLE FOODS,10,Sunday,True
TXN470858,2023-10-30,-90.45,Groceries,SUPERMARKET,Cash,SUPERMARKET,10,Monday,False
TXN475190,2023-10-30,-34.49,Entertainment,NETFLIX,Credit Card,NETFLIX,10,Monday,False
TXN799330,2023-10-30,-143.53,Groceries,GROCERY STORE,Credit Card,GROCERY STORE,10,Monday,False
TXN815198,2023-10-30,-20.95,Restaurants,CAFE,Cash,CAFE,10,Monday,False
TXN938742,2023-10-31,-110.66,Groceries,GROCERY STORE,Credit Card,GROCERY STORE,10,Tuesday,False
TXN532322,2023-10-31,-77.97,Personal_Care,SALON,Cash,SALON,10,Tuesday,False
TXN288073,2023-10-31,-64.48,Gas,SHELL,Debit Card,SHELL,10,Tuesday,False
TXN526117,2023-10-31,-148.4,Groceries,COSTCO,Cash,COSTCO,10,Tuesday,False
TXN348237,2023-10-31,-93.83,Groceries,GROCERY STORE,Cash,GROCERY STORE,10,Tuesday,False
TXN885884,2023-10-31,-111.72,Groceries,COSTCO,Cash,COSTCO,10,Tuesday,False
TXN920391,2023-11-01,-65.25,Shopping,WALMART,Credit Card,WALMART,11,Wednesday,False
TXN941204,2023-11-01,-110.52,Groceries,TRADER JOES,Credit Card,TRADER JOES,11,Wednesday,False
SAL971482,2023-11-01,4500.0,Salary,MONTHLY SALARY,Direct Deposit,EMPLOYER NAME,11,Wednesday,False
TXN379766,2023-11-02,-50.07,Restaurants,CAFE,Debit Card,CAFE,11,Thursday,False
TXN309267,2023-11-03,-150.48,Bills_Utilities,WATER BILL,Credit Card,WATER BILL,11,Friday,False
TXN593554,2023-11-03,-49.91,Transportation,UBER,Credit Card,UBER,11,Friday,False
TXN501124,2023-11-03,-141.66,Healthcare,PHARMACY,Cash,PHARMACY,11,Friday,False
TXN925622,2023-11-03,-133.11,Groceries,GROCERY STORE,Credit Card,GROCERY STORE,11,Friday,False
TXN333752,2023-11-04,-25.47,Groceries,GROCERY STORE,Credit Card,GROCERY STORE,11,Saturday,True
TXN792094,2023-11-04,-45.64,Miscellaneous,ATM FEE,Credit Card,ATM FEE,11,Saturday,True
TXN517821,2023-11-04,-29.64,Entertainment,SPOTIFY,Cash,SPOTIFY,11,Saturday,True
TXN466643,2023-11-04,-109.69,Bills_Utilities,PHONE BILL,Credit Card,PHONE BILL,11,Saturday,True
TXN960394,2023-11-04,-33.67,Restaurants,PIZZA HUT,Credit Card,PIZZA HUT,11,Saturday,True
TXN392136,2023-11-05,-65.16,Gas,BP GAS,Cash,BP GAS,11,Sunday,True
TXN910891,2023-11-06,-27.01,Miscellaneous,ATM FEE,Cash,ATM FEE,11,Monday,False
TXN468203,2023-11-06,-64.7,Entertainment,MOVIE THEATER,Credit Card,MOVIE THEATER,11,Monday,False
TXN519093,2023-11-07,-44.24,Groceries,COSTCO,Debit Card,COSTCO,11,Tuesday,False
TXN447235,2023-11-08,-88.96,Miscellaneous,OTHER,Cash,OTHER,11,Wednesday,False
TXN213668,2023-11-09,-23.42,Restaurants,RESTAURANT,Cash,RESTAURANT,11,Thursday,False
TXN287241,2023-11-09,-89.81,Groceries,WHOLE FOODS,Credit Card,WHOLE FOODS,11,Thursday,False
TXN220944,2023-11-09,-126.06,Groceries,SUPERMARKET,Credit Card,SUPERMARKET,11,Thursday,False
TXN378361,2023-11-09,-41.01,Shopping,MACY'S,Cash,MACY'S,11,Thursday,False
TXN555673,2023-11-10,-44.91,Gas,ARCO,Credit Card,ARCO,11,Friday,False
TXN863934,2023-11-10,-173.97,Bills_Utilities,INTERNET,Credit Card,INTERNET,11,Friday,False
TXN503906,2023-11-10,-169.32,Shopping,AMAZON,Credit Card,AMAZON,11,Friday,False
TXN636265,2023-11-10,-133.88,Healthcare,PRESCRIPTION,Credit Card,PRESCRIPTION,11,Friday,False
TXN557592,2023-11-10,-108.82,Groceries,WHOLE FOODS,Credit Card,WHOLE FOODS,11,Friday,False
TXN146542,2023-11-11,-219.48,Healthcare,DENTIST,Debit Card,DENTIST,11,Saturday,True
TXN299312,2023-11-11,-203.41,Healthcare,PRESCRIPTION,Debit Card,PRESCRIPTION,11,Saturday,True
TXN173372,2023-11-12,-55.1,Restaurants,MCDONALDS,Online Transfer,MCDONALDS,11,Sunday,True
TXN945687,2023-11-12,-10.8,Transportation,PARKING,Credit Card,PARKING,11,Sunday,True
TXN101773,2023-11-12,-71.03,Personal_Care,SPA,Credit Card,SPA,11,Sunday,True
TXN820221,2023-11-12,-90.19,Bills_Utilities,RENT,Debit Card,RENT,11,Sunday,True
TXN481913,2023-11-12,-27.84,Transportation,LYFT,Credit Card,LYFT,11,Sunday,True
TXN631756,2023-11-13,-16.11,Entertainment,MOVIE THEATER,Credit Card,MOVIE THEATER,11,Monday,False
TXN753425,2023-11-13,-118.93,Groceries,WHOLE FOODS,Credit Card,WHOLE FOODS,11,Monday,False
TXN854717,2023-11-13,-14.74,Miscellaneous,ATM FEE,Cash,ATM FEE,11,Monday,False
TXN795612,2023-11-13,-37.48,Miscellaneous,GIFT,Debit Card,GIFT,11,Monday,False
TXN799287,2023-11-14,-85.53,Shopping,WALMART,Debit Card,WALMART,11,Tuesday,False
TXN797229,2023-11-16,-29.87,Entertainment,GAMING,Credit Card,GAMING,11,Thursday,False
TXN810219,2023-11-16,-68.91,Entertainment,GAMING,Credit Card,GAMING,11,Thursday,False
TXN681343,2023-11-16,-79.81,Restaurants,PIZZA HUT,Credit Card,PIZZA HUT,11,Thursday,False
TXN442027,2023-11-16,-62.07,Groceries,TRADER JOES,Credit Card,TRADER JOES,11,Thursday,False
TXN301158,2023-11-16,-36.54,Gas,CHEVRON,Debit Card,CHEVRON,11,Thursday,False
TXN831076,2023-11-16,-220.82,Bills_Utilities,PHONE BILL,Credit Card,PHONE BILL,11,Thursday,False
TXN745414,2023-11-17,-45.78,Entertainment,SPOTIFY,Credit Card,SPOTIFY,11,Friday,False
TXN415568,2023-11-17,-43.89,Miscellaneous,OTHER,Cash,OTHER,11,Friday,False
TXN674553,2023-11-17,-47.7,Groceries,TRADER JOES,Credit Card,TRADER JOES,11,Friday,False
TXN418635,2023-11-17,-43.17,Entertainment,NETFLIX,Cash,NETFLIX,11,Friday,False
TXN320392,2023-11-18,-198.62,Healthcare,DENTIST,Debit Card,DENTIST,11,Saturday,True
TXN923927,2023-11-18,-195.04,Healthcare,HOSPITAL,Debit Card,HOSPITAL,11,Saturday,True
TXN736130,2023-11-19,-53.17,Personal_Care,BEAUTY SUPPLY,Debit Card,BEAUTY SUPPLY,11,Sunday,True
TXN587575,2023-11-20,-48.73,Entertainment,MOVIE THEATER,Credit Card,MOVIE THEATER,11,Monday,False
TXN563638,2023-11-20,-36.24,Shopping,BEST BUY,Credit Card,BEST BUY,11,Monday,False
TXN790855,2023-11-21,-87.41,Entertainment,SPOTIFY,Debit Card,SPOTIFY,11,Tuesday,False
TXN636004,2023-11-21,-29.42,Groceries,GROCERY STORE,Credit Card,GROCERY STORE,11,Tuesday,False
TXN932291,2023-11-21,-54.0,Gas,EXXON,Credit Card,EXXON,11,Tuesday,False
TXN397571,2023-11-23,-18.54,Miscellaneous,ATM FEE,Credit Card,ATM FEE,11,Thursday,False
TXN796101,2023-11-23,-73.22,Entertainment,CONCERT,Credit Card,CONCERT,11,Thursday,False
TXN451470,2023-11-25,-17.16,Restaurants,STARBUCKS,Credit Card,STARBUCKS,11,Saturday,True
TXN958179,2023-11-25,-23.63,Restaurants,RESTAURANT,Credit Card,RESTAURANT,11,Saturday,True
TXN805477,2023-11-26,-33.59,Groceries,GROCERY STORE,Debit Card,GROCERY STORE,11,Sunday,True
TXN335552,2023-11-26,-57.9,Bills_Utilities,INTERNET,Cash,INTERNET,11,Sunday,True
TXN254511,2023-11-27,-267.74,Bills_Utilities,WATER BILL,Debit Card,WATER BILL,11,Monday,False
TXN991014,2023-11-28,-70.41,Bills_Utilities,RENT,Credit Card,RENT,11,Tuesday,False
TXN598216,2023-11-28,-55.74,Gas,CHEVRON,Credit Card,CHEVRON,11,Tuesday,False
TXN148458,2023-11-28,-48.33,Personal_Care,HAIRCUT,Debit Card,HAIRCUT,11,Tuesday,False
TXN577538,2023-11-29,-70.42,Healthcare,PHARMACY,Online Transfer,PHARMACY,11,Wednesday,False
TXN303880,2023-11-30,-107.11,Bills_Utilities,RENT,Online Transfer,RENT,11,Thursday,False
TXN760356,2023-11-30,-54.84,Entertainment,GAMING,Credit Card,GAMING,11,Thursday,False
TXN355836,2023-12-01,-187.25,Healthcare,HOSPITAL,Debit Card,HOSPITAL,12,Friday,False
TXN787926,2023-12-01,-43.84,Gas,CHEVRON,Credit Card,CHEVRON,12,Friday,False
TXN887443,2023-12-01,-8.81,Miscellaneous,ATM FEE,Cash,ATM FEE,12,Friday,False
SAL245534,2023-12-01,4500.0,Salary,MONTHLY SALARY,Direct Deposit,EMPLOYER NAME,12,Friday,False
TXN618392,2023-12-01,-53.5,Groceries,TRADER JOES,Credit Card,TRADER JOES,12,Friday,False
TXN916232,2023-12-02,-227.16,Healthcare,PHARMACY,Credit Card,PHARMACY,12,Saturday,True
TXN329471,2023-12-02,-53.5,Restaurants,MCDONALDS,Cash,MCDONALDS,12,Saturday,True
TXN943170,2023-12-02,-100.99,Groceries,GROCERY STORE,Debit Card,GROCERY STORE,12,Saturday,True
TXN587115,2023-12-03,-277.26,Bills_Utilities,RENT,Credit Card,RENT,12,Sunday,True
TXN684482,2023-12-04,-133.22,Healthcare,PHARMACY,Credit Card,PHARMACY,12,Monday,False
TXN989545,2023-12-04,-122.42,Healthcare,DOCTOR VISIT,Credit Card,DOCTOR VISIT,12,Monday,False
TXN940346,2023-12-05,-39.27,Entertainment,SPOTIFY,Debit Card,SPOTIFY,12,Tuesday,False
TXN578634,2023-12-05,-78.01,Restaurants,RESTAURANT,Credit Card,RESTAURANT,12,Tuesday,False
TXN432711,2023-12-06,-100.23,Groceries,COSTCO,Debit Card,COSTCO,12,Wednesday,False
TXN800005,2023-12-06,-42.07,Groceries,TRADER JOES,Credit Card,TRADER JOES,12,Wednesday,False
TXN686075,2023-12-06,-68.88,Restaurants,STARBUCKS,Credit Card,STARBUCKS,12,Wednesday,False
TXN742412,2023-12-07,-115.73,Groceries,TRADER JOES,Debit Card,TRADER JOES,12,Thursday,False
TXN879779,2023-12-08,-78.79,Groceries,GROCERY STORE,Cash,GROCERY STORE,12,Friday,False
TXN547470,2023-12-08,-55.07,Groceries,COSTCO,Credit Card,COSTCO,12,Friday,False
TXN567574,2023-12-08,-188.91,Shopping,MACY'S,Credit Card,MACY'S,12,Friday,False
TXN571932,2023-12-08,-47.97,Restaurants,MCDONALDS,Credit Card,MCDONALDS,12,Friday,False
TXN888295,2023-12-08,-148.26,Groceries,WHOLE FOODS,Online Transfer,WHOLE FOODS,12,Friday,False
TXN903013,2023-12-10,-60.8,Restaurants,PIZZA HUT,Credit Card,PIZZA HUT,12,Sunday,True
TXN980660,2023-12-10,-22.57,Entertainment,SPOTIFY,Credit Card,SPOTIFY,12,Sunday,True
TXN387936,2023-12-10,-49.94,Entertainment,SPOTIFY,Cash,SPOTIFY,12,Sunday,True
TXN608136,2023-12-10,-97.29,Entertainment,CONCERT,Credit Card,CONCERT,12,Sunday,True
TXN181247,2023-12-10,-110.04,Groceries,TRADER JOES,Debit Card,TRADER JOES,12,Sunday,True
TXN666390,2023-12-11,-19.59,Entertainment,MOVIE THEATER,Debit Card,MOVIE THEATER,12,Monday,False
TXN345884,2023-12-11,-70.51,Miscellaneous,GIFT,Debit Card,GIFT,12,Monday,False
TXN452161,2023-12-11,-105.66,Groceries,WHOLE FOODS,Credit Card,WHOLE FOODS,12,Monday,False
TXN245095,2023-12-11,-9.58,Miscellaneous,ATM FEE,Online Transfer,ATM FEE,12,Monday,False
TXN342495,2023-12-11,-64.83,Gas,CHEVRON,Debit Card,CHEVRON,12,Monday,False
TXN827659,2023-12-11,-154.23,Shopping,BEST BUY,Cash,BEST BUY,12,Monday,False
TXN527398,2023-12-12,-40.75,Restaurants,MCDONALDS,Debit Card,MCDONALDS,12,Tuesday,False
TXN668969,2023-12-12,-44.17,Restaurants,PIZZA HUT,Credit Card,PIZZA HUT,12,Tuesday,False
TXN535970,2023-12-12,-29.77,Restaurants,MCDONALDS,Credit Card,MCDONALDS,12,Tuesday,False
TXN840734,2023-12-12,-62.71,Gas,CHEVRON,Credit Card,CHEVRON,12,Tuesday,False
TXN167348,2023-12-12,-26.01,Shopping,TARGET,Credit Card,TARGET,12,Tuesday,False
TXN998348,2023-12-13,-78.84,Entertainment,NETFLIX,Debit Card,NETFLIX,12,Wednesday,False
TXN829308,2023-12-13,-52.71,Restaurants,STARBUCKS,Credit Card,STARBUCKS,12,Wednesday,False
TXN508396,2023-12-13,-64.36,Groceries,TRADER JOES,Credit Card,TRADER JOES,12,Wednesday,False
TXN316881,2023-12-13,-139.39,Healthcare,PHARMACY,Credit Card,PHARMACY,12,Wednesday,False
TXN498858,2023-12-14,-20.98,Groceries,COSTCO,Debit Card,COSTCO,12,Thursday,False
TXN106182,2023-12-14,-27.04,Personal_Care,SPA,Cash,SPA,12,Thursday,False
TXN994905,2023-12-15,-34.97,Restaurants,MCDONALDS,Debit Card,MCDONALDS,12,Friday,False
TXN413118,2023-12-15,-83.16,Groceries,WHOLE FOODS,Credit Card,WHOLE FOODS,12,Friday,False
TXN664365,2023-12-16,-118.16,Bills_Utilities,PHONE BILL,Credit Card,PHONE BILL,12,Saturday,True
TXN938722,2023-12-16,-43.55,Groceries,COSTCO,Debit Card,COSTCO,12,Saturday,True
TXN331251,2023-12-17,-76.72,Bills_Utilities,RENT,Credit Card,RENT,12,Sunday,True
TXN130434,2023-12-18,-99.43,Groceries,TRADER JOES,Credit Card,TRADER JOES,12,Monday,False
TXN330080,2023-12-18,-95.63,Entertainment,GAMING,Debit Card,GAMING,12,Monday,False
TXN557007,2023-12-18,-44.79,Transportation,BUS FARE,Credit Card,BUS FARE,12,Monday,False
TXN452457,2023-12-18,-45.5,Transportation,METRO,Credit Card,METRO,12,Monday,False
TXN859359,2023-12-18,-121.47,Groceries,TRADER JOES,Credit Card,TRADER JOES,12,Monday,False
TXN233827,2023-12-19,-115.79,Groceries,TRADER JOES,Cash,TRADER JOES,12,Tuesday,False
TXN981334,2023-12-19,-50.66,Entertainment,SPOTIFY,Credit Card,SPOTIFY,12,Tuesday,False
TXN660069,2023-12-19,-32.44,Groceries,COSTCO,Credit Card,COSTCO,12,Tuesday,False
TXN188025,2023-12-20,-47.13,Gas,SHELL,Debit Card,SHELL,12,Wednesday,False
TXN513160,2023-12-20,-53.64,Restaurants,RESTAURANT,Credit Card,RESTAURANT,12,Wednesday,False
TXN691807,2023-12-20,-17.96,Miscellaneous,OTHER,Debit Card,OTHER,12,Wednesday,False
TXN290556,2023-12-21,-31.14,Groceries,TRADER JOES,Cash,TRADER JOES,12,Thursday,False
TXN372793,2023-12-21,-62.04,Groceries,SUPERMARKET,Credit Card,SUPERMARKET,12,Thursday,False
TXN242291,2023-12-21,-194.6,Bills_Utilities,PHONE BILL,Credit Card,PHONE BILL,12,Thursday,False
TXN443254,2023-12-22,-36.83,Shopping,BEST BUY,Debit Card,BEST BUY,12,Friday,False
TXN576786,2023-12-23,-57.97,Entertainment,SPOTIFY,Credit Card,SPOTIFY,12,Saturday,True
TXN453894,2023-12-23,-58.52,Restaurants,PIZZA HUT,Online Transfer,PIZZA HUT,12,Saturday,True
TXN364525,2023-12-24,-28.08,Entertainment,GAMING,Credit Card,GAMING,12,Sunday,True
TXN885408,2023-12-24,-58.22,Restaurants,RESTAURANT,Debit Card,RESTAURANT,12,Sunday,True
TXN593152,2023-12-24,-78.55,Groceries,SUPERMARKET,Debit Card,SUPERMARKET,12,Sunday,True
TXN391773,2023-12-24,-192.58,Shopping,BEST BUY,Credit Card,BEST BUY,12,Sunday,True
TXN919182,2023-12-25,-118.19,Groceries,SUPERMARKET,Credit Card,SUPERMARKET,12,Monday,False
TXN335113,2023-12-25,-139.82,Healthcare,DENTIST,Debit Card,DENTIST,12,Monday,False
TXN154615,2023-12-25,-93.07,Miscellaneous,OTHER,Credit Card,OTHER,12,Monday,False
TXN890870,2023-12-26,-32.1,Restaurants,RESTAURANT,Credit Card,RESTAURANT,12,Tuesday,False
TXN359295,2023-12-26,-141.8,Groceries,SUPERMARKET,Credit Card,SUPERMARKET,12,Tuesday,False
TXN979995,2023-12-26,-40.8,Restaurants,CAFE,Credit Card,CAFE,12,Tuesday,False
TXN904150,2023-12-27,-84.02,Entertainment,MOVIE THEATER,Credit Card,MOVIE THEATER,12,Wednesday,False
TXN596564,2023-12-27,-40.55,Transportation,LYFT,Credit Card,LYFT,12,Wednesday,False
TXN751517,2023-12-27,-16.05,Miscellaneous,ATM FEE,Debit Card,ATM FEE,12,Wednesday,False
TXN350132,2023-12-27,-72.07,Restaurants,CAFE,Cash,CAFE,12,Wednesday,False
TXN691364,2023-12-27,-72.39,Groceries,SUPERMARKET,Credit Card,SUPERMARKET,12,Wednesday,False
TXN587623,2023-12-27,-41.15,Entertainment,SPOTIFY,Online Transfer,SPOTIFY,12,Wednesday,False
TXN275939,2023-12-28,-94.77,Shopping,WALMART,Credit Card,WALMART,12,Thursday,False
TXN915573,2023-12-28,-145.2,Groceries,SUPERMARKET,Credit Card,SUPERMARKET,12,Thursday,False
TXN736745,2023-12-28,-19.43,Restaurants,STARBUCKS,Credit Card,STARBUCKS,12,Thursday,False
TXN706794,2023-12-28,-101.91,Shopping,AMAZON,Credit Card,AMAZON,12,Thursday,False
TXN426147,2023-12-28,-46.09,Miscellaneous,BANK FEE,Credit Card,BANK FEE,12,Thursday,False
TXN810250,2023-12-29,-149.33,Groceries,COSTCO,Credit Card,COSTCO,12,Friday,False
TXN515922,2023-12-29,-98.53,Entertainment,GAMING,Credit Card,GAMING,12,Friday,False
TXN179688,2023-12-29,-35.78,Groceries,GROCERY STORE,Credit Card,GROCERY STORE,12,Friday,False
TXN427110,2023-12-29,-121.5,Groceries,SUPERMARKET,Credit Card,SUPERMARKET,12,Friday,False
TXN824161,2023-12-31,-199.42,Shopping,MACY'S,Debit Card,MACY'S,12,Sunday,True
SAL895702,2024-01-01,4500.0,Salary,MONTHLY SALARY,Direct Deposit,EMPLOYER NAME,1,Monday,False
TXN944657,2024-01-01,-38.01,Transportation,PARKING,Debit Card,PARKING,1,Monday,False
TXN991597,2024-01-01,-67.81,Groceries,WHOLE FOODS,Credit Card,WHOLE FOODS,1,Monday,False
TXN206851,2024-01-01,-135.26,Groceries,GROCERY STORE,Credit Card,GROCERY STORE,1,Monday,False
TXN934904,2024-01-01,-74.1,Groceries,SUPERMARKET,Credit Card,SUPERMARKET,1,Monday,False
TXN464069,2024-01-03,-146.86,Groceries,SUPERMARKET,Debit Card,SUPERMARKET,1,Wednesday,False
TXN920652,2024-01-03,-62.66,Shopping,MACY'S,Credit Card,MACY'S,1,Wednesday,False
TXN549186,2024-01-04,-63.77,Gas,ARCO,Credit Card,ARCO,1,Thursday,False
TXN778998,2024-01-04,-169.0,Bills_Utilities,RENT,Credit Card,RENT,1,Thursday,False
TXN172306,2024-01-04,-51.26,Shopping,WALMART,Credit Card,WALMART,1,Thursday,False
TXN841666,2024-01-05,-87.39,Groceries,TRADER JOES,Credit Card,TRADER JOES,1,Friday,False
TXN556641,2024-01-05,-178.06,Bills_Utilities,WATER BILL,Debit Card,WATER BILL,1,Friday,False
TXN210665,2024-01-05,-55.49,Gas,EXXON,Debit Card,EXXON,1,Friday,False
TXN962276,2024-01-05,-28.84,Healthcare,HOSPITAL,Cash,HOSPITAL,1,Friday,False
TXN113266,2024-01-05,-49.38,Entertainment,MOVIE THEATER,Credit Card,MOVIE THEATER,1,Friday,False
TXN479781,2024-01-05,-54.57,Personal_Care,SPA,Debit Card,SPA,1,Friday,False
TXN869440,2024-01-08,-144.35,Groceries,GROCERY STORE,Debit Card,GROCERY STORE,1,Monday,False
TXN782054,2024-01-08,-34.27,Restaurants,STARBUCKS,Credit Card,STARBUCKS,1,Monday,False
TXN745830,2024-01-09,-105.84,Groceries,WHOLE FOODS,Debit Card,WHOLE FOODS,1,Tuesday,False
TXN912270,2024-01-09,-16.36,Restaurants,STARBUCKS,Credit Card,STARBUCKS,1,Tuesday,False
TXN587455,2024-01-09,-33.07,Miscellaneous,DONATION,Debit Card,DONATION,1,Tuesday,False
TXN965845,2024-01-10,-99.95,Groceries,TRADER JOES,Debit Card,TRADER JOES,1,Wednesday,False
TXN381433,2024-01-10,-57.73,Entertainment,CONCERT,Credit Card,CONCERT,1,Wednesday,False
TXN355709,2024-01-11,-27.87,Miscellaneous,DONATION,Credit Card,DONATION,1,Thursday,False
TXN800646,2024-01-11,-68.04,Restaurants,STARBUCKS,Cash,STARBUCKS,1,Thursday,False
TXN993085,2024-01-11,-21.53,Entertainment,MOVIE THEATER,Credit Card,MOVIE THEATER,1,Thursday,False
TXN971084,2024-01-11,-25.72,Personal_Care,SALON,Credit Card,SALON,1,Thursday,False
TXN392477,2024-01-11,-47.58,Gas,SHELL,Debit Card,SHELL,1,Thursday,False
TXN697530,2024-01-11,-135.3,Groceries,TRADER JOES,Debit Card,TRADER JOES,1,Thursday,False
TXN452737,2024-01-11,-231.35,Healthcare,HOSPITAL,Credit Card,HOSPITAL,1,Thursday,False
TXN618317,2024-01-12,-197.32,Shopping,AMAZON,Cash,AMAZON,1,Friday,False
TXN290672,2024-01-12,-41.43,Groceries,WHOLE FOODS,Credit Card,WHOLE FOODS,1,Friday,False
TXN322423,2024-01-12,-254.45,Bills_Utilities,PHONE BILL,Credit Card,PHONE BILL,1,Friday,False
TXN936587,2024-01-12,-172.12,Shopping,WALMART,Debit Card,WALMART,1,Friday,False
TXN456871,2024-01-12,-128.31,Shopping,WALMART,Credit Card,WALMART,1,Friday,False
TXN725113,2024-01-12,-51.73,Restaurants,PIZZA HUT,Debit Card,PIZZA HUT,1,Friday,False
TXN189771,2024-01-13,-62.0,Gas,CHEVRON,Credit Card,CHEVRON,1,Saturday,True
TXN682789,2024-01-13,-30.37,Gas,BP GAS,Credit Card,BP GAS,1,Saturday,True
TXN641722,2024-01-13,-297.95,Bills_Utilities,ELECTRIC BILL,Credit Card,ELECTRIC BILL,1,Saturday,True
TXN855053,2024-01-14,-65.95,Restaurants,CAFE,Credit Card,CAFE,1,Sunday,True
TXN612311,2024-01-14,-118.93,Groceries,TRADER JOES,Credit Card,TRADER JOES,1,Sunday,True
TXN894993,2024-01-14,-100.62,Bills_Utilities,RENT,Online Transfer,RENT,1,Sunday,True
TXN777278,2024-01-15,-44.16,Restaurants,MCDONALDS,Debit Card,MCDONALDS,1,Monday,False
TXN824156,2024-01-15,-71.98,Restaurants,CAFE,Online Transfer,CAFE,1,Monday,False
TXN332360,2024-01-16,-15.84,Entertainment,MOVIE THEATER,Credit Card,MOVIE THEATER,1,Tuesday,False
TXN197573,2024-01-16,-96.47,Groceries,SUPERMARKET,Credit Card,SUPERMARKET,1,Tuesday,False
TXN569945,2024-01-16,-41.99,Entertainment,GAMING,Debit Card,GAMING,1,Tuesday,False
TXN421080,2024-01-16,-82.45,Entertainment,SPOTIFY,Credit Card,SPOTIFY,1,Tuesday,False
TXN825391,2024-01-16,-123.12,Shopping,BEST BUY,Debit Card,BEST BUY,1,Tuesday,False
TXN486945,2024-01-17,-63.45,Groceries,COSTCO,Debit Card,COSTCO,1,Wednesday,False
TXN680358,2024-01-17,-247.15,Bills_Utilities,PHONE BILL,Credit Card,PHONE BILL,1,Wednesday,False
TXN460455,2024-01-18,-33.54,Gas,ARCO,Credit Card,ARCO,1,Thursday,False
TXN882169,2024-01-18,-153.74,Shopping,BEST BUY,Online Transfer,BEST BUY,1,Thursday,False
TXN836996,2024-01-19,-127.86,Shopping,WALMART,Credit Card,WALMART,1,Friday,False
TXN446859,2024-01-19,-63.59,Gas,ARCO,Credit Card,ARCO,1,Friday,False
TXN384076,2024-01-19,-36.74,Restaurants,MCDONALDS,Credit Card,MCDONALDS,1,Friday,False
TXN363615,2024-01-19,-128.12,Groceries,WHOLE FOODS,Credit Card,WHOLE FOODS,1,Friday,False
TXN226516,2024-01-19,-77.28,Shopping,TARGET,Cash,TARGET,1,Friday,False
TXN430876,2024-01-20,-213.64,Healthcare,DOCTOR VISIT,Credit Card,DOCTOR VISIT,1,Saturday,True
TXN300845,2024-01-21,-99.33,Groceries,GROCERY STORE,Credit Card,GROCERY STORE,1,Sunday,True
TXN899213,2024-01-21,-59.18,Gas,ARCO,Debit Card,ARCO,1,Sunday,True
TXN878967,2024-01-21,-114.63,Groceries,SUPERMARKET,Credit Card,SUPERMARKET,1,Sunday,True
TXN897135,2024-01-22,-64.36,Restaurants,STARBUCKS,Credit Card,STARBUCKS,1,Monday,False
TXN389930,2024-01-22,-137.81,Groceries,TRADER JOES,Credit Card,TRADER JOES,1,Monday,False
TXN874483,2024-01-22,-56.68,Groceries,GROCERY STORE,Credit Card,GROCERY STORE,1,Monday,False
TXN725780,2024-01-23,-28.14,Groceries,COSTCO,Cash,COSTCO,1,Tuesday,False
TXN205409,2024-01-23,-89.21,Groceries,WHOLE FOODS,Credit Card,WHOLE FOODS,1,Tuesday,False
TXN478411,2024-01-24,-9.96,Miscellaneous,BANK FEE,Credit Card,BANK FEE,1,Wednesday,False
TXN410636,2024-01-24,-96.71,Entertainment,SPOTIFY,Credit Card,SPOTIFY,1,Wednesday,False
TXN842411,2024-01-25,-68.88,Gas,SHELL,Debit Card,SHELL,1,Thursday,False
TXN416950,2024-01-25,-27.83,Entertainment,SPOTIFY,Credit Card,SPOTIFY,1,Thursday,False
TXN232731,2024-01-25,-22.42,Restaurants,STARBUCKS,Credit Card,STARBUCKS,1,Thursday,False
TXN147726,2024-01-26,-116.59,Shopping,WALMART,Credit Card,WALMART,1,Friday,False
TXN680238,2024-01-26,-186.25,Healthcare,PHARMACY,Credit Card,PHARMACY,1,Friday,False
TXN831295,2024-01-27,-49.39,Gas,BP GAS,Credit Card,BP GAS,1,Saturday,True
TXN768854,2024-01-27,-85.75,Miscellaneous,BANK FEE,Debit Card,BANK FEE,1,Saturday,True
TXN701949,2024-01-28,-32.08,Gas,SHELL,Debit Card,SHELL,1,Sunday,True
TXN592198,2024-01-28,-53.62,Groceries,WHOLE FOODS,Credit Card,WHOLE FOODS,1,Sunday,True
TXN207570,2024-01-28,-86.63,Groceries,TRADER JOES,Debit Card,TRADER JOES,1,Sunday,True
TXN561865,2024-01-29,-222.3,Healthcare,HOSPITAL,Cash,HOSPITAL,1,Monday,False
TXN293319,2024-01-29,-78.66,Groceries,WHOLE FOODS,Online Transfer,WHOLE FOODS,1,Monday,False
TXN364742,2024-01-29,-56.79,Bills_Utilities,ELECTRIC BILL,Credit Card,ELECTRIC BILL,1,Monday,False
TXN760021,2024-01-30,-136.05,Shopping,MACY'S,Debit Card,MACY'S,1,Tuesday,False
TXN219629,2024-01-30,-83.99,Entertainment,GAMING,Credit Card,GAMING,1,Tuesday,False
TXN520172,2024-01-30,-291.12,Bills_Utilities,ELECTRIC BILL,Credit Card,ELECTRIC BILL,1,Tuesday,False
TXN177680,2024-01-30,-75.25,Shopping,BEST BUY,Debit Card,BEST BUY,1,Tuesday,False
TXN418594,2024-01-31,-18.37,Miscellaneous,OTHER,Credit Card,OTHER,1,Wednesday,False
TXN259097,2024-01-31,-81.39,Entertainment,NETFLIX,Credit Card,NETFLIX,1,Wednesday,False
TXN950544,2024-01-31,-228.41,Healthcare,DOCTOR VISIT,Credit Card,DOCTOR VISIT,1,Wednesday,False
SAL839808,2024-02-01,4500.0,Salary,MONTHLY SALARY,Direct Deposit,EMPLOYER NAME,2,Thursday,False
TXN360247,2024-02-01,-54.61,Gas,SHELL,Credit Card,SHELL,2,Thursday,False
TXN735770,2024-02-01,-44.69,Miscellaneous,DONATION,Online Transfer,DONATION,2,Thursday,False
TXN685181,2024-02-01,-66.25,Personal_Care,HAIRCUT,Credit Card,HAIRCUT,2,Thursday,False
TXN564226,2024-02-02,-208.38,Healthcare,HOSPITAL,Credit Card,HOSPITAL,2,Friday,False
TXN498855,2024-02-02,-115.09,Groceries,COSTCO,Credit Card,COSTCO,2,Friday,False
TXN336650,2024-02-02,-150.89,Shopping,MACY'S,Cash,MACY'S,2,Friday,False
TXN929151,2024-02-02,-21.64,Groceries,COSTCO,Credit Card,COSTCO,2,Friday,False
TXN420214,2024-02-03,-169.94,Shopping,BEST BUY,Credit Card,BEST BUY,2,Saturday,True
TXN717113,2024-02-03,-25.67,Transportation,BUS FARE,Credit Card,BUS FARE,2,Saturday,True
TXN751194,2024-02-04,-51.18,Groceries,COSTCO,Credit Card,COSTCO,2,Sunday,True
TXN739244,2024-02-04,-44.27,Restaurants,RESTAURANT,Debit Card,RESTAURANT,2,Sunday,True
TXN755900,2024-02-05,-16.27,Entertainment,SPOTIFY,Credit Card,SPOTIFY,2,Monday,False
TXN377501,2024-02-05,-72.25,Healthcare,DOCTOR VISIT,Debit Card,DOCTOR VISIT,2,Monday,False
TXN264686,2024-02-05,-56.79,Restaurants,RESTAURANT,Debit Card,RESTAURANT,2,Monday,False
TXN282256,2024-02-05,-78.43,Shopping,TARGET,Credit Card,TARGET,2,Monday,False
TXN178711,2024-02-05,-59.51,Groceries,COSTCO,Debit Card,COSTCO,2,Monday,False
TXN899787,2024-02-05,-107.9,Groceries,SUPERMARKET,Credit Card,SUPERMARKET,2,Monday,False
TXN377405,2024-02-06,-68.91,Restaurants,CAFE,Credit Card,CAFE,2,Tuesday,False
TXN174637,2024-02-06,-145.17,Groceries,TRADER JOES,Debit Card,TRADER JOES,2,Tuesday,False
TXN402099,2024-02-06,-70.79,Restaurants,CAFE,Credit Card,CAFE,2,Tuesday,False
TXN134225,2024-02-06,-116.19,Groceries,WHOLE FOODS,Cash,WHOLE FOODS,2,Tuesday,False
TXN592738,2024-02-06,-15.52,Miscellaneous,OTHER,Credit Card,OTHER,2,Tuesday,False
TXN572387,2024-02-06,-145.73,Healthcare,HOSPITAL,Credit Card,HOSPITAL,2,Tuesday,False
TXN102805,2024-02-06,-78.12,Groceries,GROCERY STORE,Credit Card,GROCERY STORE,2,Tuesday,False
TXN837135,2024-02-06,-62.78,Personal_Care,GYM,Debit Card,GYM,2,Tuesday,False
TXN793300,2024-02-07,-51.45,Groceries,COSTCO,Credit Card,COSTCO,2,Wednesday,False
TXN671015,2024-02-07,-34.49,Restaurants,RESTAURANT,Debit Card,RESTAURANT,2,Wednesday,False
TXN545790,2024-02-07,-42.05,Gas,CHEVRON,Credit Card,CHEVRON,2,Wednesday,False
TXN402630,2024-02-09,-151.51,Healthcare,PRESCRIPTION,Credit Card,PRESCRIPTION,2,Friday,False
TXN273982,2024-02-09,-45.11,Shopping,AMAZON,Credit Card,AMAZON,2,Friday,False
TXN779094,2024-02-09,-123.3,Groceries,GROCERY STORE,Credit Card,GROCERY STORE,2,Friday,False
TXN378535,2024-02-09,-199.2,Shopping,TARGET,Cash,TARGET,2,Friday,False
TXN723948,2024-02-09,-56.84,Personal_Care,GYM,Debit Card,GYM,2,Friday,False
TXN174878,2024-02-09,-36.14,Shopping,TARGET,Debit Card,TARGET,2,Friday,False
TXN822131,2024-02-10,-54.28,Gas,EXXON,Debit Card,EXXON,2,Saturday,True
TXN230394,2024-02-10,-200.48,Bills_Utilities,PHONE BILL,Cash,PHONE BILL,2,Saturday,True
TXN833723,2024-02-11,-43.24,Shopping,WALMART,Credit Card,WALMART,2,Sunday,True
TXN385470,2024-02-11,-139.14,Shopping,BEST BUY,Online Transfer,BEST BUY,2,Sunday,True
TXN553014,2024-02-12,-99.4,Groceries,SUPERMARKET,Credit Card,SUPERMARKET,2,Monday,False
TXN727086,2024-02-12,-36.48,Miscellaneous,ATM FEE,Credit Card,ATM FEE,2,Monday,False
TXN559023,2024-02-12,-38.2,Groceries,TRADER JOES,Credit Card,TRADER JOES,2,Monday,False
TXN666211,2024-02-12,-38.52,Restaurants,STARBUCKS,Credit Card,STARBUCKS,2,Monday,False
TXN733039,2024-02-13,-48.48,Groceries,WHOLE FOODS,Credit Card,WHOLE FOODS,2,Tuesday,False
TXN127121,2024-02-13,-64.05,Groceries,WHOLE FOODS,Debit Card,WHOLE FOODS,2,Tuesday,False
TXN704238,2024-02-14,-55.72,Groceries,WHOLE FOODS,Credit Card,WHOLE FOODS,2,Wednesday,False
TXN340044,2024-02-14,-100.22,Groceries,SUPERMARKET,Credit Card,SUPERMARKET,2,Wednesday,False
TXN715643,2024-02-14,-47.98,Restaurants,STARBUCKS,Cash,STARBUCKS,2,Wednesday,False
TXN901909,2024-02-14,-147.9,Shopping,AMAZON,Online Transfer,AMAZON,2,Wednesday,False
TXN593355,2024-02-15,-102.73,Groceries,GROCERY STORE,Credit Card,GROCERY STORE,2,Thursday,False
TXN783157,2024-02-15,-18.87,Restaurants,STARBUCKS,Debit Card,STARBUCKS,2,Thursday,False
TXN391668,2024-02-15,-20.3,Entertainment,GAMING,Credit Card,GAMING,2,Thursday,False
TXN713762,2024-02-15,-44.76,Gas,CHEVRON,Credit Card,CHEVRON,2,Thursday,False
TXN900177,2024-02-15,-47.98,Transportation,UBER,Debit Card,UBER,2,Thursday,False
TXN195674,2024-02-16,-71.08,Entertainment,GAMING,Credit Card,GAMING,2,Friday,False
TXN765620,2024-02-16,-66.12,Groceries,TRADER JOES,Cash,TRADER JOES,2,Friday,False
TXN464863,2024-02-17,-92.2,Entertainment,GAMING,Debit Card,GAMING,2,Saturday,True
TXN802685,2024-02-18,-21.52,Groceries,WHOLE FOODS,Credit Card,WHOLE FOODS,2,Sunday,True
TXN449499,2024-02-18,-14.65,Personal_Care,SPA,Credit Card,SPA,2,Sunday,True
TXN445824,2024-02-19,-213.07,Bills_Utilities,WATER BILL,Debit Card,WATER BILL,2,Monday,False
TXN827369,2024-02-19,-48.69,Entertainment,GAMING,Debit Card,GAMING,2,Monday,False
TXN999398,2024-02-19,-92.62,Groceries,SUPERMARKET,Credit Card,SUPERMARKET,2,Monday,False
TXN402218,2024-02-20,-42.01,Transportation,METRO,Cash,METRO,2,Tuesday,False
TXN953085,2024-02-20,-40.17,Personal_Care,SPA,Credit Card,SPA,2,Tuesday,False
TXN138479,2024-02-20,-89.96,Shopping,MACY'S,Debit Card,MACY'S,2,Tuesday,False
TXN364659,2024-02-21,-25.04,Restaurants,PIZZA HUT,Credit Card,PIZZA HUT,2,Wednesday,False
TXN192337,2024-02-21,-35.7,Gas,EXXON,Cash,EXXON,2,Wednesday,False
TXN221552,2024-02-21,-67.32,Entertainment,MOVIE THEATER,Credit Card,MOVIE THEATER,2,Wednesday,False
TXN639593,2024-02-22,-59.01,Restaurants,MCDONALDS,Debit Card,MCDONALDS,2,Thursday,False
TXN789606,2024-02-23,-22.65,Entertainment,NETFLIX,Credit Card,NETFLIX,2,Friday,False
TXN584417,2024-02-23,-85.71,Groceries,COSTCO,Online Transfer,COSTCO,2,Friday,False
TXN156837,2024-02-23,-17.53,Restaurants,MCDONALDS,Credit Card,MCDONALDS,2,Friday,False
TXN643623,2024-02-24,-118.31,Groceries,GROCERY STORE,Credit Card,GROCERY STORE,2,Saturday,True
TXN755788,2024-02-25,-84.4,Entertainment,GAMING,Online Transfer,GAMING,2,Sunday,True
TXN752878,2024-02-25,-34.83,Miscellaneous,GIFT,Cash,GIFT,2,Sunday,True
TXN313446,2024-02-26,-119.8,Shopping,AMAZON,Debit Card,AMAZON,2,Monday,False
TXN896907,2024-02-26,-50.19,Restaurants,MCDONALDS,Credit Card,MCDONALDS,2,Monday,False
TXN675898,2024-02-26,-24.82,Transportation,BUS FARE,Credit Card,BUS FARE,2,Monday,False
TXN402020,2024-02-27,-32.57,Restaurants,CAFE,Online Transfer,CAFE,2,Tuesday,False
TXN832168,2024-02-27,-85.77,Shopping,BEST BUY,Credit Card,BEST BUY,2,Tuesday,False
TXN760626,2024-02-28,-53.64,Personal_Care,HAIRCUT,Credit Card,HAIRCUT,2,Wednesday,False
TXN227324,2024-02-28,-95.31,Shopping,BEST BUY,Online Transfer,BEST BUY,2,Wednesday,False
TXN938141,2024-02-29,-81.82,Groceries,COSTCO,Credit Card,COSTCO,2,Thursday,False
TXN844261,2024-02-29,-145.32,Groceries,GROCERY STORE,Cash,GROCERY STORE,2,Thursday,False
SAL591897,2024-03-01,4500.0,Salary,MONTHLY SALARY,Direct Deposit,EMPLOYER NAME,3,Friday,False
TXN425845,2024-03-01,-10.62,Transportation,LYFT,Debit Card,LYFT,3,Friday,False
TXN114338,2024-03-01,-72.01,Restaurants,STARBUCKS,Cash,STARBUCKS,3,Friday,False
TXN527809,2024-03-01,-80.15,Groceries,COSTCO,Online Transfer,COSTCO,3,Friday,False
TXN335615,2024-03-02,-28.21,Restaurants,RESTAURANT,Debit Card,RESTAURANT,3,Saturday,True
TXN583863,2024-03-02,-48.23,Restaurants,RESTAURANT,Credit Card,RESTAURANT,3,Saturday,True
TXN779172,2024-03-02,-176.48,Shopping,AMAZON,Online Transfer,AMAZON,3,Saturday,True
TXN535673,2024-03-03,-41.38,Personal_Care,GYM,Credit Card,GYM,3,Sunday,True
TXN595158,2024-03-03,-93.37,Entertainment,GAMING,Credit Card,GAMING,3,Sunday,True
TXN578975,2024-03-03,-57.51,Gas,CHEVRON,Debit Card,CHEVRON,3,Sunday,True
TXN622584,2024-03-03,-131.02,Groceries,GROCERY STORE,Credit Card,GROCERY STORE,3,Sunday,True
TXN633590,2024-03-03,-225.41,Healthcare,DENTIST,Credit Card,DENTIST,3,Sunday,True
TXN251668,2024-03-04,-67.29,Restaurants,STARBUCKS,Credit Card,STARBUCKS,3,Monday,False
TXN299869,2024-03-04,-144.47,Groceries,TRADER JOES,Credit Card,TRADER JOES,3,Monday,False
TXN173201,2024-03-05,-117.95,Groceries,GROCERY STORE,Debit Card,GROCERY STORE,3,Tuesday,False
TXN456385,2024-03-05,-17.97,Entertainment,GAMING,Credit Card,GAMING,3,Tuesday,False
TXN910208,2024-03-05,-78.95,Entertainment,MOVIE THEATER,Debit Card,MOVIE THEATER,3,Tuesday,False
TXN632929,2024-03-05,-258.54,Bills_Utilities,RENT,Debit Card,RENT,3,Tuesday,False
TXN380150,2024-03-06,-32.64,Gas,ARCO,Credit Card,ARCO,3,Wednesday,False
TXN396578,2024-03-07,-54.64,Miscellaneous,ATM FEE,Credit Card,ATM FEE,3,Thursday,False
TXN708093,2024-03-07,-62.56,Bills_Utilities,RENT,Credit Card,RENT,3,Thursday,False
TXN978157,2024-03-07,-85.08,Groceries,WHOLE FOODS,Debit Card,WHOLE FOODS,3,Thursday,False
TXN664742,2024-03-08,-66.24,Gas,EXXON,Credit Card,EXXON,3,Friday,False
TXN255813,2024-03-08,-67.23,Restaurants,MCDONALDS,Cash,MCDONALDS,3,Friday,False
TXN461888,2024-03-09,-98.11,Entertainment,GAMING,Debit Card,GAMING,3,Saturday,True
TXN678727,2024-03-10,-45.22,Personal_Care,GYM,Credit Card,GYM,3,Sunday,True
TXN495533,2024-03-10,-134.34,Shopping,MACY'S,Credit Card,MACY'S,3,Sunday,True
TXN344907,2024-03-11,-129.4,Bills_Utilities,PHONE BILL,Credit Card,PHONE BILL,3,Monday,False
TXN437408,2024-03-11,-50.0,Shopping,BEST BUY,Debit Card,BEST BUY,3,Monday,False
TXN831380,2024-03-11,-47.29,Restaurants,CAFE,Credit Card,CAFE,3,Monday,False
TXN145767,2024-03-11,-33.2,Shopping,BEST BUY,Credit Card,BEST BUY,3,Monday,False
TXN699573,2024-03-11,-101.84,Groceries,GROCERY STORE,Credit Card,GROCERY STORE,3,Monday,False
TXN880879,2024-03-12,-5.17,Transportation,BUS FARE,Credit Card,BUS FARE,3,Tuesday,False
TXN839485,2024-03-13,-32.58,Restaurants,MCDONALDS,Debit Card,MCDONALDS,3,Wednesday,False
TXN504832,2024-03-13,-66.28,Restaurants,MCDONALDS,Cash,MCDONALDS,3,Wednesday,False
TXN232378,2024-03-14,-73.35,Entertainment,NETFLIX,Credit Card,NETFLIX,3,Thursday,False
TXN205239,2024-03-14,-77.3,Miscellaneous,GIFT,Online Transfer,GIFT,3,Thursday,False
TXN718849,2024-03-14,-112.7,Groceries,COSTCO,Debit Card,COSTCO,3,Thursday,False
TXN619389,2024-03-14,-54.44,Entertainment,SPOTIFY,Credit Card,SPOTIFY,3,Thursday,False
TXN579123,2024-03-15,-77.19,Restaurants,STARBUCKS,Credit Card,STARBUCKS,3,Friday,False
TXN204555,2024-03-15,-33.99,Transportation,METRO,Credit Card,METRO,3,Friday,False
TXN529893,2024-03-16,-154.13,Bills_Utilities,WATER BILL,Debit Card,WATER BILL,3,Saturday,True
TXN857537,2024-03-16,-39.04,Restaurants,RESTAURANT,Credit Card,RESTAURANT,3,Saturday,True
TXN919488,2024-03-17,-64.7,Entertainment,GAMING,Credit Card,GAMING,3,Sunday,True
TXN178463,2024-03-17,-65.21,Gas,CHEVRON,Credit Card,CHEVRON,3,Sunday,True
TXN455007,2024-03-18,-45.56,Entertainment,MOVIE THEATER,Debit Card,MOVIE THEATER,3,Monday,False
TXN826353,2024-03-18,-135.73,Groceries,COSTCO,Credit Card,COSTCO,3,Monday,False
TXN781403,2024-03-18,-18.78,Restaurants,MCDONALDS,Credit Card,MCDONALDS,3,Monday,False
TXN993140,2024-03-19,-36.93,Restaurants,RESTAURANT,Credit Card,RESTAURANT,3,Tuesday,False
TXN993744,2024-03-19,-73.77,Groceries,WHOLE FOODS,Credit Card,WHOLE FOODS,3,Tuesday,False
TXN498468,2024-03-19,-51.24,Gas,ARCO,Credit Card,ARCO,3,Tuesday,False
TXN667296,2024-03-21,-16.93,Miscellaneous,DONATION,Credit Card,DONATION,3,Thursday,False
TXN757246,2024-03-21,-243.23,Bills_Utilities,INTERNET,Credit Card,INTERNET,3,Thursday,False
TXN747453,2024-03-21,-251.79,Bills_Utilities,ELECTRIC BILL,Credit Card,ELECTRIC BILL,3,Thursday,False
TXN346174,2024-03-21,-16.14,Restaurants,RESTAURANT,Credit Card,RESTAURANT,3,Thursday,False
TXN338536,2024-03-22,-57.02,Restaurants,PIZZA HUT,Online Transfer,PIZZA HUT,3,Friday,False
TXN555052,2024-03-22,-25.43,Healthcare,PHARMACY,Cash,PHARMACY,3,Friday,False
TXN897305,2024-03-22,-40.12,Transportation,UBER,Credit Card,UBER,3,Friday,False
TXN565230,2024-03-22,-34.69,Restaurants,RESTAURANT,Credit Card,RESTAURANT,3,Friday,False
TXN827712,2024-03-23,-155.8,Shopping,TARGET,Credit Card,TARGET,3,Saturday,True
TXN440131,2024-03-25,-100.91,Groceries,SUPERMARKET,Debit Card,SUPERMARKET,3,Monday,False
TXN130353,2024-03-25,-29.65,Restaurants,PIZZA HUT,Credit Card,PIZZA HUT,3,Monday,False
TXN656968,2024-03-25,-45.55,Restaurants,CAFE,Cash,CAFE,3,Monday,False
TXN252640,2024-03-25,-37.44,Restaurants,MCDONALDS,Cash,MCDONALDS,3,Monday,False
TXN493049,2024-03-25,-44.93,Entertainment,MOVIE THEATER,Debit Card,MOVIE THEATER,3,Monday,False
TXN407618,2024-03-25,-50.72,Shopping,AMAZON,Debit Card,AMAZON,3,Monday,False
TXN693418,2024-03-26,-21.02,Groceries,TRADER JOES,Debit Card,TRADER JOES,3,Tuesday,False
TXN182804,2024-03-27,-55.71,Groceries,GROCERY STORE,Debit Card,GROCERY STORE,3,Wednesday,False
TXN278240,2024-03-27,-85.08,Groceries,GROCERY STORE,Debit Card,GROCERY STORE,3,Wednesday,False
TXN501126,2024-03-27,-51.86,Gas,ARCO,Credit Card,ARCO,3,Wednesday,False
TXN621841,2024-03-29,-43.42,Transportation,LYFT,Credit Card,LYFT,3,Friday,False
TXN816318,2024-03-29,-129.67,Groceries,COSTCO,Online Transfer,COSTCO,3,Friday,False
TXN401603,2024-03-30,-58.73,Gas,EXXON,Credit Card,EXXON,3,Saturday,True
TXN583550,2024-03-30,-100.9,Groceries,GROCERY STORE,Online Transfer,GROCERY STORE,3,Saturday,True
TXN250069,2024-03-30,-43.4,Restaurants,STARBUCKS,Credit Card,STARBUCKS,3,Saturday,True
TXN581894,2024-03-30,-123.04,Groceries,WHOLE FOODS,Cash,WHOLE FOODS,3,Saturday,True
TXN799233,2024-03-30,-96.21,Miscellaneous,GIFT,Credit Card,GIFT,3,Saturday,True
TXN943718,2024-03-30,-76.94,Miscellaneous,ATM FEE,Credit Card,ATM FEE,3,Saturday,True
TXN265649,2024-03-31,-160.03,Shopping,MACY'S,Credit Card,MACY'S,3,Sunday,True
TXN563187,2024-03-31,-21.18,Groceries,SUPERMARKET,Credit Card,SUPERMARKET,3,Sunday,True
SAL570392,2024-04-01,4500.0,Salary,MONTHLY SALARY,Direct Deposit,EMPLOYER NAME,4,Monday,False
TXN716113,2024-04-01,-70.12,Restaurants,PIZZA HUT,Debit Card,PIZZA HUT,4,Monday,False
TXN769975,2024-04-01,-75.73,Groceries,WHOLE FOODS,Credit Card,WHOLE FOODS,4,Monday,False
TXN823846,2024-04-01,-140.93,Shopping,BEST BUY,Credit Card,BEST BUY,4,Monday,False
TXN211834,2024-04-02,-51.66,Restaurants,MCDONALDS,Credit Card,MCDONALDS,4,Tuesday,False
TXN994787,2024-04-02,-87.5,Shopping,BEST BUY,Debit Card,BEST BUY,4,Tuesday,False
TXN308894,2024-04-02,-279.61,Bills_Utilities,INTERNET,Online Transfer,INTERNET,4,Tuesday,False
TXN579027,2024-04-02,-142.93,Bills_Utilities,INTERNET,Credit Card,INTERNET,4,Tuesday,False
TXN476395,2024-04-03,-25.06,Groceries,COSTCO,Credit Card,COSTCO,4,Wednesday,False
TXN499889,2024-04-03,-17.13,Personal_Care,SALON,Credit Card,SALON,4,Wednesday,False
TXN410244,2024-04-04,-60.25,Miscellaneous,OTHER,Credit Card,OTHER,4,Thursday,False
TXN123005,2024-04-04,-115.42,Shopping,WALMART,Debit Card,WALMART,4,Thursday,False
TXN387813,2024-04-05,-26.44,Transportation,METRO,Credit Card,METRO,4,Friday,False
TXN913423,2024-04-05,-96.65,Shopping,WALMART,Debit Card,WALMART,4,Friday,False
TXN973294,2024-04-05,-28.97,Groceries,TRADER JOES,Cash,TRADER JOES,4,Friday,False
TXN735863,2024-04-05,-70.58,Restaurants,RESTAURANT,Credit Card,RESTAURANT,4,Friday,False
TXN693419,2024-04-05,-96.85,Groceries,SUPERMARKET,Credit Card,SUPERMARKET,4,Friday,False
TXN751051,2024-04-06,-119.52,Groceries,GROCERY STORE,Credit Card,GROCERY STORE,4,Saturday,True
TXN736553,2024-04-06,-133.86,Groceries,GROCERY STORE,Credit Card,GROCERY STORE,4,Saturday,True
TXN810687,2024-04-06,-50.9,Gas,BP GAS,Credit Card,BP GAS,4,Saturday,True
TXN329642,2024-04-06,-42.64,Restaurants,PIZZA HUT,Credit Card,PIZZA HUT,4,Saturday,True
TXN758765,2024-04-07,-29.98,Restaurants,CAFE,Credit Card,CAFE,4,Sunday,True
TXN757937,2024-04-07,-291.71,Bills_Utilities,ELECTRIC BILL,Credit Card,ELECTRIC BILL,4,Sunday,True
TXN423939,2024-04-08,-254.19,Bills_Utilities,ELECTRIC BILL,Credit Card,ELECTRIC BILL,4,Monday,False
TXN134985,2024-04-08,-73.63,Restaurants,MCDONALDS,Debit Card,MCDONALDS,4,Monday,False
TXN482584,2024-04-08,-76.65,Miscellaneous,OTHER,Credit Card,OTHER,4,Monday,False
TXN194511,2024-04-08,-140.68,Shopping,TARGET,Credit Card,TARGET,4,Monday,False
TXN442589,2024-04-08,-149.13,Shopping,WALMART,Credit Card,WALMART,4,Monday,False
TXN238579,2024-04-09,-239.75,Bills_Utilities,WATER BILL,Credit Card,WATER BILL,4,Tuesday,False
TXN483629,2024-04-09,-114.06,Shopping,MACY'S,Credit Card,MACY'S,4,Tuesday,False
TXN284171,2024-04-09,-54.1,Restaurants,MCDONALDS,Credit Card,MCDONALDS,4,Tuesday,False
TXN970813,2024-04-10,-78.6,Restaurants,PIZZA HUT,Cash,PIZZA HUT,4,Wednesday,False
TXN809176,2024-04-10,-29.59,Transportation,LYFT,Online Transfer,LYFT,4,Wednesday,False
TXN247594,2024-04-10,-39.4,Gas,SHELL,Debit Card,SHELL,4,Wednesday,False
TXN591081,2024-04-10,-111.48,Groceries,SUPERMARKET,Online Transfer,SUPERMARKET,4,Wednesday,False
TXN943298,2024-04-10,-16.64,Restaurants,PIZZA HUT,Debit Card,PIZZA HUT,4,Wednesday,False
TXN945664,2024-04-10,-52.14,Miscellaneous,DONATION,Credit Card,DONATION,4,Wednesday,False
TXN369452,2024-04-10,-231.76,Bills_Utilities,WATER BILL,Credit Card,WATER BILL,4,Wednesday,False
TXN626169,2024-04-10,-13.79,Transportation,PARKING,Credit Card,PARKING,4,Wednesday,False
TXN882824,2024-04-10,-122.21,Groceries,WHOLE FOODS,Debit Card,WHOLE FOODS,4,Wednesday,False
TXN986827,2024-04-11,-265.66,Bills_Utilities,PHONE BILL,Credit Card,PHONE BILL,4,Thursday,False
TXN483542,2024-04-12,-56.17,Healthcare,PRESCRIPTION,Credit Card,PRESCRIPTION,4,Friday,False
TXN929090,2024-04-12,-71.64,Restaurants,RESTAURANT,Debit Card,RESTAURANT,4,Friday,False
TXN114594,2024-04-12,-16.27,Transportation,METRO,Debit Card,METRO,4,Friday,False
TXN576877,2024-04-13,-34.94,Restaurants,RESTAURANT,Credit Card,RESTAURANT,4,Saturday,True
TXN662636,2024-04-13,-14.67,Entertainment,MOVIE THEATER,Credit Card,MOVIE THEATER,4,Saturday,True
TXN805511,2024-04-13,-40.06,Entertainment,MOVIE THEATER,Debit Card,MOVIE THEATER,4,Saturday,True
TXN712955,2024-04-14,-17.86,Transportation,BUS FARE,Credit Card,BUS FARE,4,Sunday,True
TXN962367,2024-04-15,-76.39,Restaurants,MCDONALDS,Debit Card,MCDONALDS,4,Monday,False
TXN213609,2024-04-15,-66.91,Entertainment,MOVIE THEATER,Credit Card,MOVIE THEATER,4,Monday,False
TXN594379,2024-04-16,-32.96,Restaurants,CAFE,Credit Card,CAFE,4,Tuesday,False
TXN749641,2024-04-16,-11.41,Miscellaneous,ATM FEE,Credit Card,ATM FEE,4,Tuesday,False
TXN332120,2024-04-17,-43.86,Gas,ARCO,Credit Card,ARCO,4,Wednesday,False
TXN443939,2024-04-17,-59.52,Gas,ARCO,Debit Card,ARCO,4,Wednesday,False
TXN835132,2024-04-18,-62.35,Miscellaneous,DONATION,Credit Card,DONATION,4,Thursday,False
TXN766269,2024-04-18,-33.69,Restaurants,RESTAURANT,Debit Card,RESTAURANT,4,Thursday,False
TXN222343,2024-04-19,-34.07,Entertainment,GAMING,Credit Card,GAMING,4,Friday,False
TXN780776,2024-04-19,-97.88,Groceries,WHOLE FOODS,Debit Card,WHOLE FOODS,4,Friday,False
TXN221761,2024-04-20,-40.13,Groceries,TRADER JOES,Cash,TRADER JOES,4,Saturday,True
TXN147549,2024-04-20,-38.16,Entertainment,SPOTIFY,Credit Card,SPOTIFY,4,Saturday,True
TXN419149,2024-04-20,-176.57,Shopping,AMAZON,Cash,AMAZON,4,Saturday,True
TXN575679,2024-04-21,-68.3,Gas,EXXON,Credit Card,EXXON,4,Sunday,True
TXN346205,2024-04-21,-220.03,Bills_Utilities,ELECTRIC BILL,Credit Card,ELECTRIC BILL,4,Sunday,True
TXN242254,2024-04-21,-95.78,Groceries,COSTCO,Credit Card,COSTCO,4,Sunday,True
TXN803055,2024-04-22,-76.37,Groceries,WHOLE FOODS,Credit Card,WHOLE FOODS,4,Monday,False
TXN539486,2024-04-22,-278.64,Bills_Utilities,RENT,Credit Card,RENT,4,Monday,False
TXN878325,2024-04-22,-43.24,Restaurants,STARBUCKS,Debit Card,STARBUCKS,4,Monday,False
TXN535037,2024-04-22,-96.63,Groceries,GROCERY STORE,Debit Card,GROCERY STORE,4,Monday,False
TXN974190,2024-04-23,-134.07,Groceries,SUPERMARKET,Debit Card,SUPERMARKET,4,Tuesday,False
TXN745558,2024-04-23,-52.29,Groceries,TRADER JOES,Credit Card,TRADER JOES,4,Tuesday,False
TXN393328,2024-04-23,-31.09,Restaurants,MCDONALDS,Credit Card,MCDONALDS,4,Tuesday,False
TXN823811,2024-04-24,-84.66,Miscellaneous,ATM FEE,Debit Card,ATM FEE,4,Wednesday,False
TXN566297,2024-04-24,-100.18,Groceries,TRADER JOES,Debit Card,TRADER JOES,4,Wednesday,False
TXN327823,2024-04-24,-46.97,Transportation,BUS FARE,Credit Card,BUS FARE,4,Wednesday,False
TXN997004,2024-04-24,-180.36,Bills_Utilities,WATER BILL,Credit Card,WATER BILL,4,Wednesday,False
TXN204180,2024-04-25,-73.2,Restaurants,PIZZA HUT,Debit Card,PIZZA HUT,4,Thursday,False
TXN670913,2024-04-25,-25.45,Transportation,BUS FARE,Debit Card,BUS FARE,4,Thursday,False
TXN389282,2024-04-25,-55.97,Gas,EXXON,Cash,EXXON,4,Thursday,False
TXN163491,2024-04-25,-111.71,Groceries,WHOLE FOODS,Credit Card,WHOLE FOODS,4,Thursday,False
TXN196126,2024-04-26,-34.83,Shopping,BEST BUY,Credit Card,BEST BUY,4,Friday,False
TXN228093,2024-04-26,-30.88,Gas,CHEVRON,Credit Card,CHEVRON,4,Friday,False
TXN772875,2024-04-27,-152.42,Bills_Utilities,WATER BILL,Debit Card,WATER BILL,4,Saturday,True
TXN122394,2024-04-28,-29.16,Groceries,COSTCO,Credit Card,COSTCO,4,Sunday,True
TXN315173,2024-04-29,-74.4,Restaurants,STARBUCKS,Online Transfer,STARBUCKS,4,Monday,False
TXN925206,2024-04-29,-68.86,Restaurants,CAFE,Debit Card,CAFE,4,Monday,False
TXN355400,2024-04-29,-118.72,Shopping,WALMART,Credit Card,WALMART,4,Monday,False
TXN925013,2024-04-29,-35.14,Restaurants,RESTAURANT,Credit Card,RESTAURANT,4,Monday,False
TXN317220,2024-04-30,-58.93,Shopping,MACY'S,Cash,MACY'S,4,Tuesday,False
TXN970127,2024-04-30,-71.05,Groceries,SUPERMARKET,Credit Card,SUPERMARKET,4,Tuesday,False
TXN326441,2024-04-30,-85.41,Entertainment,CONCERT,Cash,CONCERT,4,Tuesday,False
TXN444519,2024-04-30,-159.8,Bills_Utilities,WATER BILL,Debit Card,WATER BILL,4,Tuesday,False
SAL745239,2024-05-01,4500.0,Salary,MONTHLY SALARY,Direct Deposit,EMPLOYER NAME,5,Wednesday,False
TXN102973,2024-05-01,-20.26,Groceries,COSTCO,Debit Card,COSTCO,5,Wednesday,False
TXN926952,2024-05-01,-30.66,Entertainment,SPOTIFY,Credit Card,SPOTIFY,5,Wednesday,False
TXN937302,2024-05-02,-87.5,Groceries,WHOLE FOODS,Debit Card,WHOLE FOODS,5,Thursday,False
TXN666456,2024-05-02,-66.06,Groceries,GROCERY STORE,Credit Card,GROCERY STORE,5,Thursday,False
TXN251716,2024-05-02,-41.55,Groceries,WHOLE FOODS,Cash,WHOLE FOODS,5,Thursday,False
TXN215266,2024-05-03,-30.22,Restaurants,CAFE,Credit Card,CAFE,5,Friday,False
TXN475644,2024-05-04,-85.01,Groceries,SUPERMARKET,Credit Card,SUPERMARKET,5,Saturday,True
TXN238205,2024-05-04,-146.88,Shopping,AMAZON,Debit Card,AMAZON,5,Saturday,True
TXN717457,2024-05-04,-165.23,Healthcare,DOCTOR VISIT,Credit Card,DOCTOR VISIT,5,Saturday,True
TXN116547,2024-05-04,-98.73,Groceries,WHOLE FOODS,Credit Card,WHOLE FOODS,5,Saturday,True
TXN378258,2024-05-05,-28.56,Entertainment,SPOTIFY,Credit Card,SPOTIFY,5,Sunday,True
TXN651640,2024-05-06,-52.43,Gas,EXXON,Debit Card,EXXON,5,Monday,False
TXN232915,2024-05-06,-123.06,Groceries,SUPERMARKET,Credit Card,SUPERMARKET,5,Monday,False
TXN881886,2024-05-06,-32.79,Entertainment,NETFLIX,Credit Card,NETFLIX,5,Monday,False
TXN599380,2024-05-07,-25.31,Transportation,UBER,Credit Card,UBER,5,Tuesday,False
TXN214351,2024-05-07,-24.24,Personal_Care,BEAUTY SUPPLY,Credit Card,BEAUTY SUPPLY,5,Tuesday,False
TXN744986,2024-05-07,-11.32,Miscellaneous,BANK FEE,Debit Card,BANK FEE,5,Tuesday,False
TXN628313,2024-05-07,-109.56,Healthcare,HOSPITAL,Credit Card,HOSPITAL,5,Tuesday,False
TXN638169,2024-05-07,-70.42,Groceries,WHOLE FOODS,Debit Card,WHOLE FOODS,5,Tuesday,False
TXN915809,2024-05-07,-222.99,Healthcare,HOSPITAL,Credit Card,HOSPITAL,5,Tuesday,False
TXN862569,2024-05-08,-24.51,Transportation,UBER,Online Transfer,UBER,5,Wednesday,False
TXN774591,2024-05-09,-45.18,Restaurants,MCDONALDS,Debit Card,MCDONALDS,5,Thursday,False
TXN416282,2024-05-09,-39.21,Restaurants,STARBUCKS,Credit Card,STARBUCKS,5,Thursday,False
TXN988456,2024-05-10,-124.58,Groceries,TRADER JOES,Debit Card,TRADER JOES,5,Friday,False
TXN163780,2024-05-10,-106.02,Groceries,SUPERMARKET,Credit Card,SUPERMARKET,5,Friday,False
TXN546980,2024-05-11,-195.93,Bills_Utilities,PHONE BILL,Debit Card,PHONE BILL,5,Saturday,True
TXN437758,2024-05-12,-277.06,Bills_Utilities,ELECTRIC BILL,Debit Card,ELECTRIC BILL,5,Sunday,True
TXN177060,2024-05-12,-45.35,Groceries,TRADER JOES,Cash,TRADER JOES,5,Sunday,True
TXN614084,2024-05-12,-65.84,Entertainment,NETFLIX,Debit Card,NETFLIX,5,Sunday,True
TXN674993,2024-05-13,-57.89,Shopping,MACY'S,Credit Card,MACY'S,5,Monday,False
TXN754644,2024-05-13,-75.23,Groceries,WHOLE FOODS,Cash,WHOLE FOODS,5,Monday,False
TXN232321,2024-05-13,-60.8,Groceries,SUPERMARKET,Credit Card,SUPERMARKET,5,Monday,False
TXN255539,2024-05-13,-58.66,Gas,ARCO,Credit Card,ARCO,5,Monday,False
TXN499407,2024-05-13,-44.45,Entertainment,MOVIE THEATER,Debit Card,MOVIE THEATER,5,Monday,False
TXN734836,2024-05-14,-97.39,Groceries,COSTCO,Credit Card,COSTCO,5,Tuesday,False
TXN575755,2024-05-14,-27.41,Restaurants,PIZZA HUT,Debit Card,PIZZA HUT,5,Tuesday,False
TXN656329,2024-05-14,-65.46,Miscellaneous,OTHER,Credit Card,OTHER,5,Tuesday,False
TXN203996,2024-05-14,-83.34,Entertainment,GAMING,Debit Card,GAMING,5,Tuesday,False
TXN994217,2024-05-15,-43.15,Entertainment,NETFLIX,Credit Card,NETFLIX,5,Wednesday,False
TXN855855,2024-05-15,-53.74,Groceries,COSTCO,Credit Card,COSTCO,5,Wednesday,False
TXN550961,2024-05-16,-39.07,Entertainment,SPOTIFY,Cash,SPOTIFY,5,Thursday,False
TXN339592,2024-05-16,-32.77,Personal_Care,SPA,Cash,SPA,5,Thursday,False
TXN455395,2024-05-16,-83.41,Miscellaneous,DONATION,Debit Card,DONATION,5,Thursday,False
TXN518098,2024-05-17,-149.86,Groceries,TRADER JOES,Credit Card,TRADER JOES,5,Friday,False
TXN865054,2024-05-17,-251.67,Bills_Utilities,PHONE BILL,Cash,PHONE BILL,5,Friday,False
TXN427704,2024-05-18,-65.94,Restaurants,MCDONALDS,Credit Card,MCDONALDS,5,Saturday,True
TXN427730,2024-05-18,-35.2,Gas,SHELL,Credit Card,SHELL,5,Saturday,True
TXN492483,2024-05-19,-119.37,Groceries,WHOLE FOODS,Debit Card,WHOLE FOODS,5,Sunday,True
TXN820184,2024-05-19,-59.73,Bills_Utilities,WATER BILL,Debit Card,WATER BILL,5,Sunday,True
TXN170394,2024-05-20,-58.3,Gas,EXXON,Credit Card,EXXON,5,Monday,False
TXN972176,2024-05-20,-97.59,Groceries,SUPERMARKET,Cash,SUPERMARKET,5,Monday,False
TXN197758,2024-05-20,-33.93,Personal_Care,HAIRCUT,Credit Card,HAIRCUT,5,Monday,False
TXN201255,2024-05-20,-149.43,Groceries,TRADER JOES,Online Transfer,TRADER JOES,5,Monday,False
TXN951201,2024-05-20,-82.4,Entertainment,MOVIE THEATER,Debit Card,MOVIE THEATER,5,Monday,False
TXN683397,2024-05-20,-34.34,Shopping,TARGET,Credit Card,TARGET,5,Monday,False
TXN714953,2024-05-20,-70.98,Entertainment,NETFLIX,Credit Card,NETFLIX,5,Monday,False
TXN530764,2024-05-21,-163.79,Bills_Utilities,ELECTRIC BILL,Debit Card,ELECTRIC BILL,5,Tuesday,False
TXN797660,2024-05-21,-12.64,Transportation,BUS FARE,Credit Card,BUS FARE,5,Tuesday,False
TXN688967,2024-05-21,-34.78,Entertainment,CONCERT,Credit Card,CONCERT,5,Tuesday,False
TXN802559,2024-05-21,-63.94,Entertainment,MOVIE THEATER,Credit Card,MOVIE THEATER,5,Tuesday,False
TXN467121,2024-05-22,-49.88,Transportation,UBER,Credit Card,UBER,5,Wednesday,False
TXN335137,2024-05-22,-115.87,Groceries,TRADER JOES,Credit Card,TRADER JOES,5,Wednesday,False
TXN856086,2024-05-22,-94.44,Groceries,TRADER JOES,Credit Card,TRADER JOES,5,Wednesday,False
TXN401601,2024-05-22,-50.82,Personal_Care,HAIRCUT,Credit Card,HAIRCUT,5,Wednesday,False
TXN427626,2024-05-22,-18.38,Restaurants,STARBUCKS,Credit Card,STARBUCKS,5,Wednesday,False
TXN208633,2024-05-22,-33.38,Gas,BP GAS,Debit Card,BP GAS,5,Wednesday,False
TXN632060,2024-05-22,-71.8,Personal_Care,BEAUTY SUPPLY,Debit Card,BEAUTY SUPPLY,5,Wednesday,False
TXN262246,2024-05-22,-132.19,Groceries,GROCERY STORE,Cash,GROCERY STORE,5,Wednesday,False
TXN701987,2024-05-23,-70.13,Groceries,WHOLE FOODS,Credit Card,WHOLE FOODS,5,Thursday,False
TXN946432,2024-05-23,-49.82,Groceries,GROCERY STORE,Credit Card,GROCERY STORE,5,Thursday,False
TXN899649,2024-05-23,-43.36,Transportation,UBER,Cash,UBER,5,Thursday,False
TXN485415,2024-05-23,-19.36,Restaurants,STARBUCKS,Online Transfer,STARBUCKS,5,Thursday,False
TXN986209,2024-05-23,-21.56,Restaurants,MCDONALDS,Credit Card,MCDONALDS,5,Thursday,False
TXN789786,2024-05-24,-47.37,Groceries,COSTCO,Debit Card,COSTCO,5,Friday,False
TXN127529,2024-05-24,-38.1,Restaurants,STARBUCKS,Debit Card,STARBUCKS,5,Friday,False
TXN743378,2024-05-24,-30.11,Restaurants,STARBUCKS,Credit Card,STARBUCKS,5,Friday,False
TXN904711,2024-05-24,-66.89,Restaurants,STARBUCKS,Credit Card,STARBUCKS,5,Friday,False
TXN130359,2024-05-25,-55.63,Healthcare,DENTIST,Credit Card,DENTIST,5,Saturday,True
TXN386544,2024-05-26,-11.17,Transportation,LYFT,Credit Card,LYFT,5,Sunday,True
TXN456331,2024-05-26,-50.21,Shopping,WALMART,Debit Card,WALMART,5,Sunday,True
TXN250210,2024-05-27,-74.42,Groceries,GROCERY STORE,Credit Card,GROCERY STORE,5,Monday,False
TXN106402,2024-05-27,-42.26,Gas,BP GAS,Debit Card,BP GAS,5,Monday,False
TXN540226,2024-05-28,-81.5,Bills_Utilities,PHONE BILL,Credit Card,PHONE BILL,5,Tuesday,False
TXN325583,2024-05-28,-43.13,Gas,ARCO,Credit Card,ARCO,5,Tuesday,False
TXN196214,2024-05-28,-21.26,Transportation,UBER,Cash,UBER,5,Tuesday,False
TXN876962,2024-05-28,-173.14,Bills_Utilities,WATER BILL,Credit Card,WATER BILL,5,Tuesday,False
TXN172965,2024-05-28,-27.69,Restaurants,MCDONALDS,Credit Card,MCDONALDS,5,Tuesday,False
TXN789275,2024-05-28,-247.57,Healthcare,PRESCRIPTION,Cash,PRESCRIPTION,5,Tuesday,False
TXN856648,2024-05-29,-57.42,Shopping,WALMART,Credit Card,WALMART,5,Wednesday,False
TXN457455,2024-05-29,-30.68,Entertainment,GAMING,Credit Card,GAMING,5,Wednesday,False
TXN914571,2024-05-29,-43.77,Groceries,WHOLE FOODS,Debit Card,WHOLE FOODS,5,Wednesday,False
TXN488028,2024-05-29,-58.01,Restaurants,CAFE,Credit Card,CAFE,5,Wednesday,False
TXN725185,2024-05-30,-66.85,Restaurants,STARBUCKS,Credit Card,STARBUCKS,5,Thursday,False
TXN155164,2024-05-30,-92.38,Groceries,SUPERMARKET,Debit Card,SUPERMARKET,5,Thursday,False
TXN265056,2024-05-30,-12.88,Transportation,LYFT,Debit Card,LYFT,5,Thursday,False
TXN152179,2024-05-30,-48.37,Groceries,COSTCO,Cash,COSTCO,5,Thursday,False
TXN385320,2024-05-31,-202.3,Healthcare,PHARMACY,Debit Card,PHARMACY,5,Friday,False
TXN794093,2024-05-31,-88.01,Bills_Utilities,PHONE BILL,Credit Card,PHONE BILL,5,Friday,False
SAL105506,2024-06-01,4500.0,Salary,MONTHLY SALARY,Direct Deposit,EMPLOYER NAME,6,Saturday,True
TXN609253,2024-06-01,-186.13,Shopping,BEST BUY,Credit Card,BEST BUY,6,Saturday,True
TXN563516,2024-06-02,-138.1,Groceries,COSTCO,Credit Card,COSTCO,6,Sunday,True
TXN891615,2024-06-03,-149.47,Bills_Utilities,WATER BILL,Debit Card,WATER BILL,6,Monday,False
TXN386436,2024-06-03,-53.88,Gas,EXXON,Online Transfer,EXXON,6,Monday,False
TXN219346,2024-06-03,-23.96,Groceries,COSTCO,Credit Card,COSTCO,6,Monday,False
TXN799539,2024-06-04,-26.45,Groceries,COSTCO,Debit Card,COSTCO,6,Tuesday,False
TXN550797,2024-06-04,-33.79,Shopping,WALMART,Credit Card,WALMART,6,Tuesday,False
TXN397005,2024-06-04,-101.68,Shopping,AMAZON,Debit Card,AMAZON,6,Tuesday,False
TXN610271,2024-06-04,-23.25,Groceries,COSTCO,Credit Card,COSTCO,6,Tuesday,False
TXN147623,2024-06-05,-69.37,Groceries,WHOLE FOODS,Debit Card,WHOLE FOODS,6,Wednesday,False
TXN514463,2024-06-05,-63.8,Restaurants,CAFE,Credit Card,CAFE,6,Wednesday,False
TXN157443,2024-06-06,-22.49,Groceries,COSTCO,Debit Card,COSTCO,6,Thursday,False
TXN314353,2024-06-06,-160.67,Shopping,AMAZON,Credit Card,AMAZON,6,Thursday,False
TXN321494,2024-06-06,-16.96,Restaurants,PIZZA HUT,Online Transfer,PIZZA HUT,6,Thursday,False
TXN901280,2024-06-06,-93.99,Entertainment,SPOTIFY,Credit Card,SPOTIFY,6,Thursday,False
TXN403507,2024-06-06,-71.06,Entertainment,MOVIE THEATER,Credit Card,MOVIE THEATER,6,Thursday,False
TXN837852,2024-06-07,-47.1,Transportation,PARKING,Credit Card,PARKING,6,Friday,False
TXN498676,2024-06-07,-40.44,Gas,CHEVRON,Credit Card,CHEVRON,6,Friday,False
TXN284229,2024-06-07,-37.1,Restaurants,MCDONALDS,Credit Card,MCDONALDS,6,Friday,False
TXN621546,2024-06-07,-205.67,Bills_Utilities,ELECTRIC BILL,Online Transfer,ELECTRIC BILL,6,Friday,False
TXN225812,2024-06-07,-5.98,Miscellaneous,GIFT,Debit Card,GIFT,6,Friday,False
TXN624563,2024-06-08,-41.16,Groceries,GROCERY STORE,Credit Card,GROCERY STORE,6,Saturday,True
TXN973835,2024-06-08,-145.85,Groceries,COSTCO,Credit Card,COSTCO,6,Saturday,True
TXN175576,2024-06-09,-77.61,Entertainment,MOVIE THEATER,Debit Card,MOVIE THEATER,6,Sunday,True
TXN878086,2024-06-09,-183.26,Shopping,BEST BUY,Debit Card,BEST BUY,6,Sunday,True
TXN557409,2024-06-10,-47.62,Groceries,SUPERMARKET,Debit Card,SUPERMARKET,6,Monday,False
TXN582087,2024-06-11,-34.45,Entertainment,NETFLIX,Credit Card,NETFLIX,6,Tuesday,False
TXN403578,2024-06-11,-53.75,Restaurants,MCDONALDS,Credit Card,MCDONALDS,6,Tuesday,False
TXN524068,2024-06-11,-75.39,Shopping,MACY'S,Credit Card,MACY'S,6,Tuesday,False
TXN550137,2024-06-11,-10.4,Transportation,PARKING,Debit Card,PARKING,6,Tuesday,False
TXN428267,2024-06-11,-64.47,Groceries,SUPERMARKET,Credit Card,SUPERMARKET,6,Tuesday,False
TXN524707,2024-06-12,-182.92,Shopping,AMAZON,Credit Card,AMAZON,6,Wednesday,False
TXN717476,2024-06-13,-76.86,Shopping,BEST BUY,Cash,BEST BUY,6,Thursday,False
TXN192410,2024-06-13,-28.74,Groceries,WHOLE FOODS,Credit Card,WHOLE FOODS,6,Thursday,False
TXN582446,2024-06-13,-34.75,Gas,ARCO,Online Transfer,ARCO,6,Thursday,False
TXN940247,2024-06-13,-9.7,Transportation,LYFT,Credit Card,LYFT,6,Thursday,False
TXN440544,2024-06-13,-15.7,Restaurants,RESTAURANT,Debit Card,RESTAURANT,6,Thursday,False
TXN985506,2024-06-13,-58.11,Bills_Utilities,PHONE BILL,Debit Card,PHONE BILL,6,Thursday,False
TXN355135,2024-06-13,-43.07,Shopping,AMAZON,Credit Card,AMAZON,6,Thursday,False
TXN882033,2024-06-14,-52.55,Restaurants,PIZZA HUT,Credit Card,PIZZA HUT,6,Friday,False
TXN649414,2024-06-14,-26.86,Groceries,TRADER JOES,Debit Card,TRADER JOES,6,Friday,False
TXN514991,2024-06-14,-39.06,Gas,SHELL,Debit Card,SHELL,6,Friday,False
TXN332335,2024-06-14,-41.93,Transportation,BUS FARE,Credit Card,BUS FARE,6,Friday,False
TXN916964,2024-06-14,-38.57,Restaurants,PIZZA HUT,Debit Card,PIZZA HUT,6,Friday,False
TXN180089,2024-06-15,-80.67,Groceries,GROCERY STORE,Credit Card,GROCERY STORE,6,Saturday,True
TXN763984,2024-06-16,-42.06,Transportation,PARKING,Credit Card,PARKING,6,Sunday,True
TXN656379,2024-06-16,-42.13,Gas,SHELL,Cash,SHELL,6,Sunday,True
TXN468154,2024-06-17,-105.33,Groceries,WHOLE FOODS,Online Transfer,WHOLE FOODS,6,Monday,False
TXN303322,2024-06-17,-81.83,Groceries,COSTCO,Credit Card,COSTCO,6,Monday,False
TXN347745,2024-06-17,-150.08,Shopping,TARGET,Credit Card,TARGET,6,Monday,False
TXN253557,2024-06-18,-94.46,Entertainment,NETFLIX,Debit Card,NETFLIX,6,Tuesday,False
TXN306854,2024-06-19,-95.56,Shopping,WALMART,Debit Card,WALMART,6,Wednesday,False
TXN285751,2024-06-20,-26.82,Restaurants,RESTAURANT,Credit Card,RESTAURANT,6,Thursday,False
TXN897143,2024-06-20,-69.23,Entertainment,SPOTIFY,Credit Card,SPOTIFY,6,Thursday,False
TXN731661,2024-06-20,-66.14,Groceries,GROCERY STORE,Credit Card,GROCERY STORE,6,Thursday,False
TXN586490,2024-06-21,-36.73,Gas,EXXON,Cash,EXXON,6,Friday,False
TXN570711,2024-06-22,-75.4,Personal_Care,BEAUTY SUPPLY,Cash,BEAUTY SUPPLY,6,Saturday,True
TXN896788,2024-06-22,-289.53,Bills_Utilities,RENT,Credit Card,RENT,6,Saturday,True
TXN438908,2024-06-23,-256.12,Bills_Utilities,RENT,Credit Card,RENT,6,Sunday,True
TXN774225,2024-06-23,-143.55,Shopping,MACY'S,Credit Card,MACY'S,6,Sunday,True
TXN258290,2024-06-23,-29.31,Transportation,BUS FARE,Debit Card,BUS FARE,6,Sunday,True
TXN935012,2024-06-24,-55.36,Groceries,WHOLE FOODS,Credit Card,WHOLE FOODS,6,Monday,False
TXN563688,2024-06-24,-52.25,Restaurants,MCDONALDS,Credit Card,MCDONALDS,6,Monday,False
TXN171603,2024-06-24,-131.32,Healthcare,HOSPITAL,Credit Card,HOSPITAL,6,Monday,False
TXN584172,2024-06-25,-22.21,Miscellaneous,GIFT,Debit Card,GIFT,6,Tuesday,False
TXN177794,2024-06-25,-71.92,Entertainment,CONCERT,Credit Card,CONCERT,6,Tuesday,False
TXN469038,2024-06-25,-7.45,Miscellaneous,ATM FEE,Debit Card,ATM FEE,6,Tuesday,False
TXN720148,2024-06-25,-61.33,Gas,BP GAS,Credit Card,BP GAS,6,Tuesday,False
TXN139434,2024-06-25,-59.94,Groceries,TRADER JOES,Credit Card,TRADER JOES,6,Tuesday,False
TXN180458,2024-06-25,-60.29,Gas,BP GAS,Cash,BP GAS,6,Tuesday,False
TXN486649,2024-06-25,-36.41,Gas,SHELL,Credit Card,SHELL,6,Tuesday,False
TXN744883,2024-06-26,-22.16,Groceries,SUPERMARKET,Debit Card,SUPERMARKET,6,Wednesday,False
TXN585188,2024-06-27,-50.09,Groceries,TRADER JOES,Cash,TRADER JOES,6,Thursday,False
TXN631699,2024-06-27,-128.54,Groceries,COSTCO,Online Transfer,COSTCO,6,Thursday,False
TXN571579,2024-06-28,-95.82,Groceries,SUPERMARKET,Credit Card,SUPERMARKET,6,Friday,False
TXN681242,2024-06-28,-94.61,Groceries,COSTCO,Credit Card,COSTCO,6,Friday,False
TXN437145,2024-06-29,-73.17,Shopping,TARGET,Debit Card,TARGET,6,Saturday,True
TXN783501,2024-06-29,-94.59,Shopping,MACY'S,Online Transfer,MACY'S,6,Saturday,True
TXN598733,2024-06-30,-33.85,Shopping,MACY'S,Credit Card,MACY'S,6,Sunday,True
TXN258189,2024-06-30,-41.25,Transportation,PARKING,Credit Card,PARKING,6,Sunday,True
SAL183074,2024-07-01,4500.0,Salary,MONTHLY SALARY,Direct Deposit,EMPLOYER NAME,7,Monday,False
TXN849014,2024-07-01,-84.03,Groceries,WHOLE FOODS,Credit Card,WHOLE FOODS,7,Monday,False
TXN950360,2024-07-01,-47.45,Groceries,SUPERMARKET,Debit Card,SUPERMARKET,7,Monday,False
TXN572407,2024-07-01,-43.5,Gas,SHELL,Cash,SHELL,7,Monday,False
TXN841995,2024-07-02,-41.55,Restaurants,CAFE,Debit Card,CAFE,7,Tuesday,False
TXN141043,2024-07-02,-39.4,Groceries,GROCERY STORE,Credit Card,GROCERY STORE,7,Tuesday,False
TXN629057,2024-07-02,-165.95,Shopping,AMAZON,Debit Card,AMAZON,7,Tuesday,False
TXN560767,2024-07-03,-60.32,Restaurants,MCDONALDS,Credit Card,MCDONALDS,7,Wednesday,False
TXN266457,2024-07-04,-84.35,Entertainment,CONCERT,Debit Card,CONCERT,7,Thursday,False
TXN648141,2024-07-04,-73.47,Groceries,COSTCO,Credit Card,COSTCO,7,Thursday,False
TXN506235,2024-07-04,-140.12,Bills_Utilities,INTERNET,Debit Card,INTERNET,7,Thursday,False
TXN490963,2024-07-04,-22.86,Transportation,BUS FARE,Credit Card,BUS FARE,7,Thursday,False
TXN912085,2024-07-05,-19.84,Miscellaneous,DONATION,Online Transfer,DONATION,7,Friday,False
TXN811875,2024-07-06,-54.78,Gas,BP GAS,Credit Card,BP GAS,7,Saturday,True
TXN169113,2024-07-06,-66.35,Healthcare,DENTIST,Cash,DENTIST,7,Saturday,True
TXN811332,2024-07-06,-54.05,Bills_Utilities,RENT,Debit Card,RENT,7,Saturday,True
TXN154909,2024-07-06,-43.21,Gas,ARCO,Credit Card,ARCO,7,Saturday,True
TXN199096,2024-07-06,-84.09,Entertainment,MOVIE THEATER,Credit Card,MOVIE THEATER,7,Saturday,True
TXN185461,2024-07-08,-130.55,Shopping,WALMART,Debit Card,WALMART,7,Monday,False
TXN257677,2024-07-08,-94.6,Healthcare,PRESCRIPTION,Debit Card,PRESCRIPTION,7,Monday,False
TXN858889,2024-07-08,-147.29,Groceries,WHOLE FOODS,Debit Card,WHOLE FOODS,7,Monday,False
TXN397949,2024-07-08,-71.26,Restaurants,MCDONALDS,Credit Card,MCDONALDS,7,Monday,False
TXN235215,2024-07-09,-115.44,Groceries,TRADER JOES,Credit Card,TRADER JOES,7,Tuesday,False
TXN466813,2024-07-09,-104.68,Bills_Utilities,WATER BILL,Credit Card,WATER BILL,7,Tuesday,False
TXN787923,2024-07-09,-98.78,Groceries,WHOLE FOODS,Debit Card,WHOLE FOODS,7,Tuesday,False
TXN795847,2024-07-09,-31.0,Entertainment,CONCERT,Debit Card,CONCERT,7,Tuesday,False
TXN952686,2024-07-10,-9.79,Miscellaneous,GIFT,Cash,GIFT,7,Wednesday,False
TXN494976,2024-07-10,-58.47,Groceries,COSTCO,Debit Card,COSTCO,7,Wednesday,False
TXN424620,2024-07-10,-48.38,Entertainment,NETFLIX,Credit Card,NETFLIX,7,Wednesday,False
TXN843266,2024-07-10,-53.62,Groceries,COSTCO,Credit Card,COSTCO,7,Wednesday,False
TXN633188,2024-07-11,-123.34,Bills_Utilities,PHONE BILL,Credit Card,PHONE BILL,7,Thursday,False
TXN197992,2024-07-11,-38.46,Personal_Care,BEAUTY SUPPLY,Credit Card,BEAUTY SUPPLY,7,Thursday,False
TXN802667,2024-07-11,-98.12,Groceries,GROCERY STORE,Credit Card,GROCERY STORE,7,Thursday,False
TXN423869,2024-07-12,-63.41,Entertainment,MOVIE THEATER,Credit Card,MOVIE THEATER,7,Friday,False
TXN180913,2024-07-12,-244.96,Bills_Utilities,WATER BILL,Credit Card,WATER BILL,7,Friday,False
TXN244247,2024-07-12,-19.31,Entertainment,SPOTIFY,Credit Card,SPOTIFY,7,Friday,False
TXN301332,2024-07-12,-128.1,Groceries,TRADER JOES,Cash,TRADER JOES,7,Friday,False
TXN903373,2024-07-12,-84.98,Shopping,WALMART,Credit Card,WALMART,7,Friday,False
TXN324597,2024-07-12,-130.88,Bills_Utilities,WATER BILL,Debit Card,WATER BILL,7,Friday,False
TXN119116,2024-07-12,-29.16,Restaurants,PIZZA HUT,Debit Card,PIZZA HUT,7,Friday,False
TXN632351,2024-07-14,-58.75,Miscellaneous,ATM FEE,Credit Card,ATM FEE,7,Sunday,True
TXN985447,2024-07-14,-90.24,Groceries,WHOLE FOODS,Cash,WHOLE FOODS,7,Sunday,True
TXN975686,2024-07-15,-54.46,Restaurants,STARBUCKS,Credit Card,STARBUCKS,7,Monday,False
TXN139581,2024-07-16,-21.28,Restaurants,STARBUCKS,Credit Card,STARBUCKS,7,Tuesday,False
TXN495019,2024-07-17,-21.55,Entertainment,CONCERT,Credit Card,CONCERT,7,Wednesday,False
TXN903531,2024-07-17,-41.18,Restaurants,PIZZA HUT,Debit Card,PIZZA HUT,7,Wednesday,False
TXN237414,2024-07-17,-38.37,Entertainment,CONCERT,Credit Card,CONCERT,7,Wednesday,False
TXN270128,2024-07-17,-73.06,Entertainment,SPOTIFY,Debit Card,SPOTIFY,7,Wednesday,False
TXN971728,2024-07-17,-134.99,Healthcare,DOCTOR VISIT,Debit Card,DOCTOR VISIT,7,Wednesday,False
TXN948343,2024-07-17,-26.8,Entertainment,CONCERT,Credit Card,CONCERT,7,Wednesday,False
TXN856215,2024-07-17,-43.8,Restaurants,CAFE,Debit Card,CAFE,7,Wednesday,False
TXN145814,2024-07-18,-15.26,Miscellaneous,DONATION,Credit Card,DONATION,7,Thursday,False
TXN481995,2024-07-18,-119.74,Shopping,BEST BUY,Credit Card,BEST BUY,7,Thursday,False
TXN565776,2024-07-19,-120.26,Shopping,TARGET,Credit Card,TARGET,7,Friday,False
TXN345369,2024-07-20,-54.89,Restaurants,MCDONALDS,Cash,MCDONALDS,7,Saturday,True
TXN398768,2024-07-20,-145.63,Shopping,MACY'S,Credit Card,MACY'S,7,Saturday,True
TXN350786,2024-07-21,-37.6,Gas,ARCO,Debit Card,ARCO,7,Sunday,True
TXN947903,2024-07-21,-87.76,Shopping,WALMART,Cash,WALMART,7,Sunday,True
TXN975679,2024-07-21,-61.05,Groceries,TRADER JOES,Credit Card,TRADER JOES,7,Sunday,True
TXN485709,2024-07-21,-225.53,Bills_Utilities,WATER BILL,Credit Card,WATER BILL,7,Sunday,True
TXN627335,2024-07-22,-105.55,Groceries,TRADER JOES,Online Transfer,TRADER JOES,7,Monday,False
TXN915922,2024-07-22,-64.11,Groceries,WHOLE FOODS,Credit Card,WHOLE FOODS,7,Monday,False
TXN906814,2024-07-22,-194.63,Shopping,BEST BUY,Credit Card,BEST BUY,7,Monday,False
TXN561999,2024-07-22,-28.83,Miscellaneous,OTHER,Credit Card,OTHER,7,Monday,False
TXN956572,2024-07-23,-49.78,Entertainment,SPOTIFY,Debit Card,SPOTIFY,7,Tuesday,False
TXN538997,2024-07-23,-39.04,Personal_Care,BEAUTY SUPPLY,Credit Card,BEAUTY SUPPLY,7,Tuesday,False
TXN940181,2024-07-23,-125.78,Groceries,GROCERY STORE,Cash,GROCERY STORE,7,Tuesday,False
TXN154714,2024-07-24,-23.24,Restaurants,PIZZA HUT,Credit Card,PIZZA HUT,7,Wednesday,False
TXN489244,2024-07-24,-115.47,Groceries,TRADER JOES,Credit Card,TRADER JOES,7,Wednesday,False
TXN245121,2024-07-24,-62.36,Entertainment,CONCERT,Credit Card,CONCERT,7,Wednesday,False
TXN207573,2024-07-25,-177.58,Shopping,MACY'S,Credit Card,MACY'S,7,Thursday,False
TXN900185,2024-07-26,-53.83,Gas,SHELL,Credit Card,SHELL,7,Friday,False
TXN398910,2024-07-26,-24.33,Restaurants,RESTAURANT,Credit Card,RESTAURANT,7,Friday,False
TXN992512,2024-07-26,-183.9,Shopping,MACY'S,Credit Card,MACY'S,7,Friday,False
TXN971415,2024-07-27,-133.77,Groceries,GROCERY STORE,Online Transfer,GROCERY STORE,7,Saturday,True
TXN638289,2024-07-27,-17.47,Transportation,METRO,Cash,METRO,7,Saturday,True
TXN386042,2024-07-27,-55.2,Gas,CHEVRON,Debit Card,CHEVRON,7,Saturday,True
TXN196168,2024-07-27,-113.87,Groceries,TRADER JOES,Credit Card,TRADER JOES,7,Saturday,True
TXN466566,2024-07-28,-47.77,Transportation,METRO,Credit Card,METRO,7,Sunday,True
TXN956375,2024-07-28,-68.86,Miscellaneous,BANK FEE,Credit Card,BANK FEE,7,Sunday,True
TXN492127,2024-07-29,-36.83,Personal_Care,BEAUTY SUPPLY,Credit Card,BEAUTY SUPPLY,7,Monday,False
TXN515712,2024-07-29,-18.55,Restaurants,RESTAURANT,Credit Card,RESTAURANT,7,Monday,False
TXN535050,2024-07-29,-77.18,Groceries,SUPERMARKET,Debit Card,SUPERMARKET,7,Monday,False
TXN504924,2024-07-30,-42.19,Transportation,LYFT,Credit Card,LYFT,7,Tuesday,False
TXN244283,2024-07-31,-106.65,Groceries,GROCERY STORE,Credit Card,GROCERY STORE,7,Wednesday,False
TXN929822,2024-07-31,-78.73,Entertainment,MOVIE THEATER,Credit Card,MOVIE THEATER,7,Wednesday,False
TXN203896,2024-07-31,-57.35,Shopping,WALMART,Credit Card,WALMART,7,Wednesday,False
TXN493124,2024-07-31,-68.32,Gas,SHELL,Credit Card,SHELL,7,Wednesday,False
TXN400814,2024-07-31,-36.53,Gas,SHELL,Credit Card,SHELL,7,Wednesday,False
TXN129556,2024-07-31,-29.84,Entertainment,SPOTIFY,Debit Card,SPOTIFY,7,Wednesday,False
